競馬場,競走年月日,レース番号,着順,枠番,馬番,馬名,騎手,馬体重,馬体重増減,人気,確定単勝オッズ
大井,20261009,9,1.0,8,11,コーラルキング,藤本現,487,-4,7.0,22.3
大井,20261009,9,2.0,6,8,ゴールデンクラウン,矢野貴,510,1,1.0,2.7
大井,20261009,9,3.0,7,9,ホワイトマジック,張田昂,455,-1,4.0,5.7
大井,20261009,9,4.0,3,3,グラスグリード,笹川翼,465,-7,3.0,4.7
大井,20261009,9,5.0,4,4,ベンテイガ,鷹見陸,499,0,8.0,37.9
大井,20261009,9,6.0,1,1,キタノライジン,西啓太,513,-2,5.0,12.5
大井,20261009,9,7.0,6,7,モリデンステルス,御神訓,490,4,2.0,4.0
大井,20261009,9,8.0,2,2,エルツ,和田譲,506,5,6.0,20.0
大井,20261009,9,9.0,5,6,ダノンレーニア,達城龍,449,-2,9.0,50.8
大井,20261009,9,10.0,7,10,アジアジェニファー,野畑凌,488,1,10.0,58.3
大井,20261009,9,11.0,8,12,フレンドローマ,江里裕,468,3,12.0,192.8
大井,20261009,9,12.0,5,5,テンドウ,ゴンサ,488,2,11.0,72.2
