競馬場,競走年月日,レース番号,記録時刻,発走時刻,レース名,距離,天候,馬場,枠番,馬番,馬名,騎手,単勝オッズ,人気,馬体重,馬体重増減
大井,20261009,9,2026-10-09 予想時(出馬表貼り付け),,,,,,,1,,,6.5,5,513,-2
大井,20261009,9,2026-10-09 予想時(出馬表貼り付け),,,,,,,2,,,24.1,7,506,5
大井,20261009,9,2026-10-09 予想時(出馬表貼り付け),,,,,,,3,,,4.5,2,465,-7
大井,20261009,9,2026-10-09 予想時(出馬表貼り付け),,,,,,,4,,,25.6,8,499,0
大井,20261009,9,2026-10-09 予想時(出馬表貼り付け),,,,,,,5,,,42.4,11,488,2
大井,20261009,9,2026-10-09 予想時(出馬表貼り付け),,,,,,,6,,,29.2,9,449,-2
大井,20261009,9,2026-10-09 予想時(出馬表貼り付け),,,,,,,7,,,4.6,3,490,4
大井,20261009,9,2026-10-09 予想時(出馬表貼り付け),,,,,,,8,,,4.0,1,510,1
大井,20261009,9,2026-10-09 予想時(出馬表貼り付け),,,,,,,9,,,6.0,4,455,-1
大井,20261009,9,2026-10-09 予想時(出馬表貼り付け),,,,,,,10,,,15.6,6,488,1
大井,20261009,9,2026-10-09 予想時(出馬表貼り付け),,,,,,,11,,,35.6,10,487,-4
大井,20261009,9,2026-10-09 予想時(出馬表貼り付け),,,,,,,12,,,63.6,12,468,3
大井,20261009,10,2026-10-09 予想時(出馬表貼り付け),,,,,,,1,,,29.3,8,456,1
大井,20261009,10,2026-10-09 予想時(出馬表貼り付け),,,,,,,2,,,32.9,9,484,1
大井,20261009,10,2026-10-09 予想時(出馬表貼り付け),,,,,,,3,,,63.0,11,522,-1
大井,20261009,10,2026-10-09 予想時(出馬表貼り付け),,,,,,,4,,,14.1,5,527,-1
大井,20261009,10,2026-10-09 予想時(出馬表貼り付け),,,,,,,5,,,25.4,7,501,-1
大井,20261009,10,2026-10-09 予想時(出馬表貼り付け),,,,,,,6,,,3.2,1,486,2
大井,20261009,10,2026-10-09 予想時(出馬表貼り付け),,,,,,,7,,,14.1,6,472,2
大井,20261009,10,2026-10-09 予想時(出馬表貼り付け),,,,,,,8,,,90.3,13,475,1
大井,20261009,10,2026-10-09 予想時(出馬表貼り付け),,,,,,,9,,,7.5,4,479,23
大井,20261009,10,2026-10-09 予想時(出馬表貼り付け),,,,,,,10,,,64.9,12,521,14
大井,20261009,10,2026-10-09 予想時(出馬表貼り付け),,,,,,,11,,,3.3,2,502,-1
大井,20261009,10,2026-10-09 予想時(出馬表貼り付け),,,,,,,12,,,38.2,10,506,1
大井,20261009,10,2026-10-09 予想時(出馬表貼り付け),,,,,,,13,,,5.1,3,500,-4
園田,20261009,12,2026-10-09 予想時(出馬表貼り付け),,,,,,,1,,,14.5,8,431,-5
園田,20261009,12,2026-10-09 予想時(出馬表貼り付け),,,,,,,2,,,5.6,3,467,6
園田,20261009,12,2026-10-09 予想時(出馬表貼り付け),,,,,,,3,,,13.1,5,427,-2
園田,20261009,12,2026-10-09 予想時(出馬表貼り付け),,,,,,,4,,,65.3,12,457,6
園田,20261009,12,2026-10-09 予想時(出馬表貼り付け),,,,,,,5,,,54.7,11,445,6
園田,20261009,12,2026-10-09 予想時(出馬表貼り付け),,,,,,,6,,,51.5,10,465,-1
園田,20261009,12,2026-10-09 予想時(出馬表貼り付け),,,,,,,7,,,30.5,9,467,-5
園田,20261009,12,2026-10-09 予想時(出馬表貼り付け),,,,,,,8,,,3.7,2,445,3
園田,20261009,12,2026-10-09 予想時(出馬表貼り付け),,,,,,,9,,,13.6,6,462,-5
園田,20261009,12,2026-10-09 予想時(出馬表貼り付け),,,,,,,10,,,9.1,4,470,10
園田,20261009,12,2026-10-09 予想時(出馬表貼り付け),,,,,,,11,,,3.1,1,456,-3
園田,20261009,12,2026-10-09 予想時(出馬表貼り付け),,,,,,,12,,,14.4,7,491,6
