競馬場,1.5-2.4%,2.5%~(軽い),不良,水分~1.4%(重い),稍重,良,重
佐賀,,,691.0,,525.0,1601.0,516.0
名古屋,,,378.0,,665.0,2168.0,498.0
園田,,,199.0,,1144.0,2398.0,482.0
大井,,,377.0,,687.0,1475.0,459.0
姫路,,,41.0,,116.0,566.0,138.0
川崎,,,96.0,,522.0,978.0,442.0
帯広ば,2307.0,685.0,,1664.0,,,
水沢,,,348.0,,539.0,796.0,317.0
浦和,,,157.0,,383.0,978.0,282.0
盛岡,,,146.0,,527.0,1023.0,253.0
笠松,,,152.0,,303.0,2086.0,226.0
船橋,,,223.0,,421.0,1146.0,248.0
金沢,,,491.0,,358.0,1239.0,523.0
門別,,,74.0,,900.0,1352.0,281.0
高知,,,849.0,,731.0,904.0,636.0
