競馬場,普通,準重賞,特別,重賞
佐賀,0.42073170731707316,0.391304347826087,0.38613861386138615,0.4827586206896552
名古屋,0.5334757834757835,0.5,0.5342298288508558,0.47368421052631576
園田,0.45206933144676337,,0.40827067669172934,0.45454545454545453
大井,0.5716247139588101,0.5294117647058824,0.5621621621621622,0.5882352941176471
姫路,0.45674740484429066,,0.40148698884758366,0.2857142857142857
川崎,0.5011355034065103,0.5666666666666667,0.6625386996904025,0.5609756097560976
帯広ば,0.6094156612254554,0.29411764705882354,0.5718475073313783,0.352112676056338
水沢,0.4931656642974303,0.5,0.5038759689922481,0.40384615384615385
浦和,0.5218181818181818,0.4375,0.6299694189602446,0.6333333333333333
盛岡,0.5301974448315911,1.0,0.4666666666666667,0.4520547945205479
笠松,0.37947725072604066,0.23529411764705882,0.3626373626373626,0.5714285714285714
船橋,0.4808946877912395,0.5238095238095238,0.541019955654102,0.5952380952380952
金沢,0.37364798426745327,0.35714285714285715,0.3945720250521921,0.4142857142857143
門別,0.38647642679900746,,0.3927392739273927,0.29069767441860467
高知,0.448062015503876,0.4788732394366197,0.391304347826087,0.5454545454545454
