競馬場,1-4R,5-8R,9R~
佐賀,0.4051155115511551,0.4405940594059406,0.41034103410341033
名古屋,0.5128617363344051,0.5289389067524116,0.5561015561015561
園田,0.43555240793201133,0.42705382436260625,0.4524660471765547
大井,0.5404089581304771,0.556420233463035,0.6146596858638743
姫路,0.4826388888888889,0.4166666666666667,0.4105263157894737
川崎,0.45294117647058824,0.5279411764705882,0.6828908554572272
帯広ば,0.6681701030927835,0.5721649484536082,0.5644329896907216
水沢,0.4195906432748538,0.5087719298245614,0.5496894409937888
浦和,0.48,0.5733333333333334,0.6333333333333333
盛岡,0.45098039215686275,0.552710843373494,0.5691318327974276
笠松,0.32043650793650796,0.3958333333333333,0.4328947368421053
船橋,0.42920353982300885,0.5264705882352941,0.575
金沢,0.36314067611777534,0.3405875952121872,0.44129032258064516
門別,0.3409090909090909,0.4113636363636364,0.4049586776859504
高知,0.3728373702422145,0.39013840830449825,0.6188118811881188
