クラス,人気帯,レース数,頭数,3着内率,単勝回収率,複勝回収率,単勝SE,複勝SE
重賞・準重賞,1番人気,1673,1673,78.06335923490735,79.42618051404662,88.08726838015541,2.253186633074444,1.212068848101346
重賞・準重賞,2-3番人気,1683,3349,54.67303672738131,78.71603463720514,79.25948044192296,3.4587069217034876,1.3775345011263398
重賞・準重賞,4-5番人気,1683,3354,31.12701252236136,65.68872987477639,70.15802027429935,5.142278232419147,2.0109687196160984
重賞・準重賞,6番人気以下,1675,9617,9.077674950608298,58.03369034002288,58.35187688468337,6.191215200625351,2.6207674890600394
オープン,1番人気,435,435,74.94252873563218,72.59770114942529,86.91954022988506,4.626390441808259,2.6189304040371004
オープン,2-3番人気,435,870,54.367816091954026,76.22988505747126,79.95402298850574,5.965350398045764,2.7784522753337115
オープン,4-5番人気,435,866,33.02540415704388,64.63048498845265,70.39260969976905,9.627854363437505,3.9327922821450034
オープン,6番人気以下,430,1962,11.26401630988787,67.31396534148828,55.91743119266055,10.12009738955199,4.324604652061769
A級,1番人気,3007,3007,76.92051878949118,82.2613900897905,89.7006983704689,1.8265743237923824,0.9933894336438623
A級,2-3番人気,3014,6005,54.154870940882596,74.77102414654455,77.6353039134055,2.3460302862461027,1.069208757986
A級,4-5番人気,3014,6017,32.74056838956291,73.84410835964766,70.93734419145754,3.995092867005192,1.5881995091509131
A級,6番人気以下,2952,12915,11.738288811459544,62.15950445218738,65.02051877661634,6.2938803964995085,2.1610847850736707
B級,1番人気,9947,9947,73.14768271840755,80.08545290037198,88.61465768573439,1.0597676062587489,0.5833216850783531
B級,2-3番人気,9975,19900,51.417085427135675,75.90854271356784,78.89497487437185,1.3149342180828467,0.5979901959033059
B級,4-5番人気,9974,19887,33.036657112686676,78.61668426610349,74.70508372303514,2.150967859547052,0.8524428359093671
B級,6番人気以下,9922,48468,12.096641082776264,69.93892877775026,66.58516959643477,2.9859938747882633,1.0811302119128345
C級,1番人気,29380,29382,75.85596623783269,80.55612279626982,89.50377782315704,0.5771241050716742,0.3175662077013406
C級,2-3番人気,29453,58714,52.46619204959635,74.0283407705147,78.76758524372381,0.7750818220142303,0.34052193138039955
C級,4-5番人気,29453,58751,31.44457115623564,73.71448996612824,71.63078075266804,1.3146236123563058,0.492999577381839
C級,6番人気以下,29413,158043,10.655327980359775,63.30561935675734,63.324791354251694,1.6953599484717226,0.6286381467150202
3歳,1番人気,7481,7482,75.47447206629244,79.69927826784283,89.0483827853515,1.1455493252208662,0.637403470621133
3歳,2-3番人気,7498,14954,53.55088939414203,78.13962819312559,79.7726360839909,1.5618110996821704,0.6791473778155902
3歳,4-5番人気,7497,14960,31.25,69.97326203208556,70.68449197860963,2.4955218072360656,0.9872299276947699
3歳,6番人気以下,7466,38646,10.810950680536148,64.18413289861823,63.73311597578016,3.6376787473624783,1.2879781346156751
2歳,1番人気,4084,4085,74.71236230110159,78.64626682986535,87.99020807833537,1.601733137154994,0.9000218517469644
2歳,2-3番人気,4100,8175,55.54740061162079,78.94923547400612,80.14678899082568,2.1449989915920735,0.9379002184266041
2歳,4-5番人気,4101,8163,30.969006492711017,73.10302584834007,69.57123606517212,3.3780517852116296,1.4172047927747318
2歳,6番人気以下,3961,17471,12.500715471352528,59.59418464884666,65.31337645240684,3.96743281770922,1.7621160982284643
新馬,1番人気,957,957,83.69905956112854,76.30094043887148,88.75653082549634,2.7647529491527214,1.691356756759397
新馬,2-3番人気,959,1903,62.795585916973195,79.41145559642669,79.7320021019443,4.240505282408379,1.9996918762833427
新馬,4-5番人気,959,1908,32.75681341719078,65.67085953878407,65.82809224318659,6.664259534901331,3.339815522692618
新馬,6番人気以下,798,2265,11.346578366445916,50.06622516556291,55.1037527593819,10.380487668176864,4.395101986231494
その他,1番人気,113,113,75.22123893805309,96.01769911504425,92.21238938053098,10.019371110797925,5.470491050505907
その他,2-3番人気,114,226,56.63716814159292,56.54867256637168,80.53097345132744,11.393479102928342,5.19839677877081
その他,4-5番人気,114,228,26.31578947368421,54.86842105263158,55.74561403508772,14.033028326285432,6.730278350919025
その他,6番人気以下,111,550,12.545454545454545,50.90909090909091,64.92727272727272,16.253369905921346,9.249167574133542
