クラス,年,頭数,単勝回収率,複勝回収率,3着追加回収率
重賞・準重賞,2023,1213,51.83017312448475,63.239901071723004,91.47155812036274
重賞・準重賞,2024,1371,68.03792851932896,57.99416484318016,68.6506199854121
重賞・準重賞,2025,1395,68.22939068100358,63.03225806451613,91.21266427718041
重賞・準重賞,2026,987,71.19554204660588,62.857142857142854,63.33164471462344
オープン,2023,161,109.19254658385093,82.17391304347827,36.2111801242236
オープン,2024,176,97.89772727272727,70.2840909090909,42.42424242424242
オープン,2025,162,87.34567901234568,78.88888888888889,60.70987654320987
オープン,2026,105,8.19047619047619,42.57142857142857,49.19047619047619
A級,2023,1218,94.4991789819376,75.97701149425288,95.41461412151068
A級,2024,1198,66.110183639399,78.08848080133556,66.50111296605454
A級,2025,1124,68.92348754448399,73.71886120996442,58.1435349940688
A級,2026,871,54.63834672789897,59.65556831228473,68.77152698048221
B級,2023,3791,79.16380902136639,78.5307306779214,70.17585509540139
B級,2024,4029,77.61727475800447,71.54380739637627,83.20923306031274
B級,2025,4145,72.90470446320869,67.46682750301568,77.37555287494973
B級,2026,3339,96.69961066187481,70.85354896675652,53.102725366876314
C級,2023,13768,76.76278326554329,71.9617954677513,75.38240848343986
C級,2024,14964,71.62723870622828,70.73509756749532,75.35596542813865
C級,2025,14972,73.4951910232434,71.16083355597115,68.33121827411168
C級,2026,10604,71.44850999622784,71.92946058091286,67.029108512511
3歳,2023,3123,72.70252961895613,76.64425232148575,99.12530686305902
3歳,2024,3479,74.01839609083069,67.07674619143432,73.42148126856375
3歳,2025,3238,82.8319950586782,72.1124150710315,71.57247271978588
3歳,2026,3254,51.91763982790412,61.37369391518131,67.2741241548863
2歳,2023,1323,43.6281179138322,63.18972033257747,45.787351977828166
2歳,2024,1230,63.0,64.41463414634147,40.39159891598916
2歳,2025,1273,65.62450903377848,60.86410054988217,46.686305315527626
2歳,2026,577,73.83015597920277,94.71403812824957,154.11322934719814
その他,2023,68,19.11764705882353,60.294117647058826,30.31862745098039
その他,2024,58,71.20689655172414,114.48275862068965,255.02873563218392
その他,2025,53,74.33962264150944,127.54716981132076,91.88679245283019
その他,2026,30,141.66666666666666,87.33333333333333,0.0
