1番人気の特徴,頭数,1番人気に占める割合%,勝率%,3着内率%
前走1着,11293.0,30.50183664649957,50.4029044540866,79.27034446117064
前走2-3着,13299.0,35.91994382022472,42.8603654410106,76.54710880517332
前走4着以下,9332.0,25.205272255834053,40.61294470638663,72.68538362623231
前走なし,3100.0,8.37294727744166,49.193548387096776,78.2258064516129
近3走指数 レース内1位,14925.0,40.311689714779604,50.994974874371856,81.19932998324958
近3走指数 2-3位,10982.0,29.66184096802074,42.3511200145693,75.93334547441268
近3走指数 4位以下,7962.0,21.504969749351773,36.34765134388345,67.99799045465963
騎手3着内率 上位25%,19982.0,53.970397579948134,47.17245520968872,78.00020018016215
騎手3着内率 下位50%,8517.0,23.003997407087297,41.44651872725138,74.12234354819772
前走逃げ,8065.0,21.78316767502161,47.65034097954123,76.55300681959083
前走追込,2160.0,5.834053586862575,40.69444444444444,71.94444444444444
体重+10kg以上,2748.0,7.422212618841832,47.45269286754003,75.21834061135371
転入初戦,1929.0,5.210133967156439,49.40383618455158,76.51632970451011
遠征,1502.0,4.056828003457217,40.612516644474034,74.03462050599201
1番人気 全体,37024.0,100.0,45.12478392394122,76.54494382022472
