競馬場,万_1着,万_2着,万_3着,万_3着外,万_レース数,非万_1着,非万_2着,非万_3着,非万_3着外,非万_レース数,全_3着外
帯広ば,20.7,16.9,14.2,48.3,3899.0,56.7,24.7,11.9,6.7,2504.0,32.0
大井,26.9,17.8,12.2,43.0,2428.0,64.3,20.9,10.3,4.4,1709.0,27.1
川崎,27.9,16.6,12.5,43.0,1590.0,62.1,24.1,9.4,4.4,1197.0,26.4
浦和,21.0,18.2,14.2,46.6,1393.0,61.0,24.7,9.7,4.6,1081.0,28.3
名古屋,23.9,19.0,13.1,44.1,2675.0,63.7,22.1,9.2,5.0,2369.0,25.7
盛岡,24.1,16.8,13.4,45.8,1391.0,63.4,21.8,9.4,5.4,1322.0,26.1
船橋,23.9,18.8,13.0,44.3,1408.0,63.4,23.1,9.1,4.3,1335.0,24.9
水沢,23.3,16.7,13.7,46.4,1344.0,64.6,20.8,9.2,5.5,1374.0,25.7
高知,22.5,18.0,14.1,45.4,1918.0,63.8,21.9,8.2,6.0,2372.0,23.6
佐賀,24.1,19.5,14.2,42.3,2054.0,64.7,22.3,8.5,4.5,2556.0,21.3
園田,23.6,18.2,12.9,45.2,2516.0,63.3,21.6,10.2,4.8,3254.0,22.4
姫路,24.2,19.7,13.3,42.8,528.0,59.2,23.4,12.3,5.2,693.0,21.5
門別,21.1,16.8,14.7,47.3,1401.0,60.5,22.7,10.8,6.1,2185.0,22.2
笠松,20.7,19.6,14.6,45.1,1437.0,62.8,22.0,8.8,6.4,2402.0,20.9
金沢,25.0,18.8,13.3,42.9,1346.0,65.3,21.4,8.3,5.0,2245.0,19.2
全体,23.4,18.0,13.5,45.0,27328.0,62.7,22.4,9.6,5.3,28598.0,24.7
