モデル,1番人気の的中%,1番人気の対数尤度
前回の項目,59.86033519553072,-1.0967478003719724
追加項目あり,63.128491620111724,-0.9931696253746021
前回＋調教師3着内率,60.69832402234637,-1.0680415432523265
前回＋斤量(レース内差),59.66480446927375,-1.0968349233608898
前回＋減量騎手,59.832402234636874,-1.0967407954569424
前回＋前走勝ち馬との差(秒),59.86033519553072,-1.0977142455659827
"前回＋昇級(賞金比,対数)",60.865921787709496,-1.0501899367100693
前回＋騎手の格上げ,59.97206703910615,-1.0969629515044108
前回＋馬体重,60.307262569832396,-1.0889175011883396
前回＋通算勝率,60.78212290502793,-1.0691197415409004
前回＋通算勝利数(対数),59.804469273743024,-1.093302484626637
前回＋父馬3着内率,60.08379888268156,-1.0941253497902232
前回＋前走同場,59.86033519553072,-1.0967450626548223
