競馬場,False,True
佐賀,0.794143129440305,0.7162934730824202
名古屋,0.7334488067744419,0.6474856564292947
園田,0.7479949345715492,0.6478315637934137
大井,0.6352757544224766,0.5350962473264631
姫路,0.7120274914089347,0.6483613817537643
川崎,0.7302238805970149,0.6140919811320755
水沢,0.7833389318105475,0.6950808625336927
浦和,0.8226299694189603,0.738973008558262
盛岡,0.6978339350180506,0.593862226575253
笠松,0.7769141080450835,0.6841103710751665
船橋,0.6445722015556307,0.5251521948093559
金沢,0.7863655200994613,0.680161943319838
門別,0.7088976870181288,0.5931697612732095
高知,0.7511591962905718,0.65549662487946
