,競馬場,騎手名,騎乗数,6人気~騎乗,穴3着内数,万馬券絡み数,万馬券を穴で演出,1人気騎乗,1人気着外,穴3着内率,1人気着外率,場平均穴3着内率,穴期待比
2,佐賀,中山蓮,1111,722,74,125,55,46,16,0.10249307479224377,0.34782608695652173,0.10021378941742384,1.0227442289935365
109,佐賀,金山昇,1253,664,87,165,65,80,27,0.13102409638554216,0.3375,0.10021378941742384,1.30744578313253
203,名古屋,浅野皓,819,473,51,120,41,32,12,0.10782241014799154,0.375,0.09973423888970914,1.0810972375016235
184,名古屋,木之葵,1255,745,67,155,50,75,28,0.08993288590604027,0.37333333333333335,0.09973423888970914,0.9017252942140795
251,園田,井上幹,775,487,51,83,34,39,14,0.10472279260780287,0.358974358974359,0.10102015426723066,1.0366524716521175
291,園田,山本咲,880,378,49,134,38,85,24,0.12962962962962962,0.2823529411764706,0.10102015426723066,1.2832056194125159
410,大井,吉井章,861,486,46,118,37,65,22,0.09465020576131687,0.3384615384615385,0.0988235294117647,0.9577699392514208
466,大井,森泰斗,471,64,9,109,8,131,44,0.140625,0.33587786259541985,0.0988235294117647,1.4229910714285716
567,姫路,廣瀬航,426,108,21,79,14,49,12,0.19444444444444445,0.24489795918367346,0.09960402071276271,1.9521746517159362
539,姫路,下原理,387,82,11,54,10,79,17,0.13414634146341464,0.21518987341772153,0.09960402071276271,1.3467964496158724
719,川崎,櫻井光,572,326,45,91,44,30,12,0.13803680981595093,0.4,0.10884978991596639,1.2681403420485913
692,川崎,新原周,669,345,53,133,46,60,20,0.1536231884057971,0.3333333333333333,0.10884978991596639,1.411331969720809
817,帯広ば,西将太,1864,797,133,393,118,180,70,0.1668757841907152,0.3888888888888889,0.1518175338560228,1.0991865033782788
812,帯広ば,船山蔵,1354,714,102,225,88,112,43,0.14285714285714285,0.38392857142857145,0.1518175338560228,0.9409792085848423
852,水沢,菅原辰,761,420,49,105,42,36,13,0.11666666666666667,0.3611111111111111,0.12533031332578332,0.9308734939759036
859,水沢,阿部英,594,365,44,84,37,36,13,0.12054794520547946,0.3611111111111111,0.12533031332578332,0.9618418881003467
905,浦和,室陽一,509,299,18,62,16,35,14,0.06020066889632107,0.4,0.1137586471944658,0.5291964205007683
974,浦和,町田直,319,105,15,62,13,31,11,0.14285714285714285,0.3548387096774194,0.1137586471944658,1.2557915057915057
1135,盛岡,高橋悠,774,268,41,153,35,121,38,0.15298507462686567,0.3140495867768595,0.11980398783372762,1.2769614550659958
1058,盛岡,山本政,812,242,38,158,33,126,37,0.15702479338842976,0.29365079365079366,0.11980398783372762,1.3106808565200667
1227,笠松,筒井勇,482,106,14,76,10,90,28,0.1320754716981132,0.3111111111111111,0.12252455321204316,1.0779510574467557
1204,笠松,松本一,761,357,43,103,31,46,14,0.12044817927170869,0.30434782608695654,0.12252455321204316,0.9830534053305947
1433,船橋,野畑凌,351,163,21,57,18,38,15,0.12883435582822086,0.39473684210526316,0.1128558849427649,1.1415829656872523
1321,船橋,山口達,442,233,32,72,29,37,11,0.13733905579399142,0.2972972972972973,0.1128558849427649,1.2169419066063167
1504,金沢,沖静男,474,237,23,58,17,34,10,0.0970464135021097,0.29411764705882354,0.1091753774680604,0.8889038513331536
1492,金沢,松戸政,779,371,54,90,30,50,13,0.14555256064690028,0.26,0.1091753774680604,1.3331995182657568
1589,門別,小野楓,1294,577,62,171,46,117,34,0.10745233968804159,0.2905982905982906,0.09386828160484481,1.1447140381282495
1602,門別,松井伸,872,565,42,79,31,38,11,0.0743362831858407,0.2894736842105263,0.09386828160484481,0.7919212103910934
1672,高知,妹尾浩,440,218,32,66,26,30,12,0.14678899082568808,0.4,0.11253469997864617,1.3043886983618544
1649,高知,上田将,900,483,55,111,40,41,14,0.11387163561076605,0.34146341463414637,0.11253469997864617,1.0118802079036384
