年,区分,頭数,3着内率,A/E,単勝回収率,複勝回収率,3着追加回収率,3着追加的中率,単勝SE,複勝SE,3着追加SE
2023,その他,29737,11.719406799609914,0.9607044330556814,62.779702054679355,64.24521639708108,64.72385692347356,2.767595924269429,4.321788687735453,1.3602306646913447,3.576094161149539
2023,好材料3,17627,13.893458898281047,1.123820247737793,74.14818176660805,71.9515515969819,75.59614984588038,3.352811028535769,4.76036626937928,1.7467003162458727,5.088923505230616
2023,好材料4以上,7465,17.50837240455459,1.2372665065785449,76.76758204956464,75.97722705961152,81.85755749051128,4.2732752846617545,6.920255553206928,2.525246547662557,6.841968081528975
2023,消し(指数6位~かつ前走追込),21243,6.439768394294592,0.7835417507504426,54.28847149649296,52.34524313891635,58.31050228310502,1.5958197994633525,5.265009994118292,1.8559275077869841,5.120373354549117
2024,その他,26241,11.89360161579208,0.9700264929743684,65.85381654662551,64.53069623871042,67.74246408292368,2.686635417857551,3.935244589270077,1.4191305633202629,4.315174261934339
2024,好材料3,19165,13.248108531176625,1.107728916639996,73.06235324810854,70.84320375684842,77.43951647969388,3.349856509261675,4.860208375488926,1.6907521338878224,5.993942790215398
2024,好材料4以上,7775,16.334405144694532,1.1888673836094816,70.53247588424438,68.05916398713826,68.39914255091104,3.8199356913183284,5.888097770027758,2.120387309094127,6.402218072012834
2024,消し(指数6位~かつ前走追込),24722,6.637812474718874,0.8232820944126907,56.58765472049187,53.80187687080333,64.34343230051506,1.7191165763287761,4.574286545642278,1.7483784425213107,5.544449904878732
2025,その他,25776,11.960738671632527,0.9885228168741622,58.690642458100555,67.26683736809436,66.67416718394372,2.9058038485412787,3.2880076114180707,1.4883904682273292,3.8889614758708797
2025,好材料3,19351,13.053588961810759,1.0991793333097848,72.85669991214924,71.40199472895458,71.6954334831964,3.240142628287944,4.711014291503862,1.7179311005747215,4.7982699667929
2025,好材料4以上,7399,16.21840789295851,1.18594348357268,75.42370590620354,66.70766319772942,66.40919944136596,3.8383565346668465,6.263892398136024,2.06667269696956,5.912765339984177
2025,消し(指数6位~かつ前走追込),25240,6.632329635499208,0.8148863180962826,61.020998415213946,56.56378763866878,61.98085050184892,1.664025356576862,5.278024688591986,1.7981074348743733,5.3960899642770475
2026,その他,20324,11.926786065735092,0.9891789474516228,58.41222200354261,65.22682542806534,60.422078987076034,2.745522534934068,3.6203345585953626,1.6263476434572555,3.6633583850632694
2026,好材料3,14514,12.732534105002067,1.0759084832224448,67.65330026181618,68.68540719305498,67.95140324284598,3.155573928620642,4.897520885254352,2.010517492074042,5.666956911336898
2026,好材料4以上,5564,16.04960460100647,1.16308106158791,80.25161754133717,71.14485981308411,62.457165109034264,4.187634795111431,7.8602519655238465,2.7984693373355762,5.89404759918852
2026,消し(指数6位~かつ前走追込),17794,6.592109699898842,0.8366163544985055,52.739125547937505,55.47487917275486,59.45262448016185,1.8545577160840734,4.94648782180942,2.186353708164633,5.755704628876556
