人気帯,指数区分,頭数,3着内率,A/E,単勝回収率,複勝回収率,3着追加回収率,3着追加的中率,単勝SE,複勝SE,3着追加SE
6-7番,指数1-3位,21155,20.4585204443394,1.1228263961710876,82.75584968092649,70.81210115811865,66.13487749153076,4.632474592294965,3.2505843894700166,1.091413636715211,3.0113855955535387
6-7番,指数4-5位,25724,19.5420618877313,1.0972413342701897,76.87257036230757,71.85313326076816,77.8934717254963,5.3335406624164206,3.1189937068088582,1.0600255061458936,4.010793717990635
6-7番,指数6位~,59055,15.973245279823892,0.9184865449069248,67.55719244771822,66.05452544238422,66.54748398385686,3.9641012615358564,1.944083243663964,0.738472765467205,1.9140052802806589
6-7番,データなし,5985,16.4578111946533,0.9233257043683625,66.84544695071011,62.43776106934002,66.98273461431357,4.177109440267335,5.507747888492547,2.1782557161379548,6.238611703088754
8-9番,指数1-3位,10219,11.95811723260593,1.2148234910505302,81.90038164203933,72.1156668949995,66.26382229180938,2.5149231823074665,6.568098701807527,2.1953690137851902,6.211762986734647
8-9番,指数4-5位,14742,11.063627730294396,1.17105201058362,63.37674671008004,70.98629765296432,70.51440329218107,2.6726360059693395,4.68586016029916,1.8887884438184146,4.970011392860629
8-9番,指数6位~,69704,8.335246183863193,0.9321997769511673,63.477275335705265,62.87085389647653,67.17036803244194,2.0056237805577872,2.62918067988603,0.9258145486399907,2.641181750804826
8-9番,データなし,3806,8.61797162375197,0.9117235947334621,43.058328954282715,59.1382028376248,68.89735505342442,2.3384130320546506,8.277356365614782,3.5336144605518665,10.087446451294221
10番~,指数1-3位,4201,6.54606046179481,1.5835884047569488,64.99404903594382,70.23565817662461,66.61548837578354,1.2139966674601286,11.610998872591901,4.714076066425049,12.995661775629396
10番~,指数4-5位,6446,5.724480297859137,1.3949232185891176,44.309649394973626,62.73968352466646,77.03692212224635,1.3496742165684146,12.390433267799922,3.618936164609602,12.226731941107241
10番~,指数6位~,66312,3.759500542888165,0.9235981375274307,50.720834841356016,55.402038846664254,60.4441126794547,0.8490167692122088,3.287061263072986,1.3103034849622788,3.7033258762240546
10番~,データなし,2588,3.863987635239567,1.004145198256532,58.415765069551775,48.48145285935085,36.10510046367852,0.6955177743431221,20.806557284298226,5.266147412389982,11.894125074073068
