競馬場,区分,頭数,3着内率,A/E,単勝回収率,複勝回収率,3着追加回収率,3着追加的中率,単勝SE,複勝SE,3着追加SE
帯広ば,その他,26425,14.89120151371807,0.9891199316920839,65.63027436140018,70.51882686849574,67.85512456638284,2.7209082308420056,2.672185714842227,1.2683299407238264,3.4305940960273182
帯広ば,好材料3,1561,20.243433696348497,1.1587145673680121,72.38308776425369,76.73926969891096,85.2850736707239,3.267136450992953,9.369645788714811,4.494371153680756,17.444515314160306
大井,その他,8996,9.848821698532682,0.9731229945328351,59.502000889284126,65.84481991996442,58.67070549874018,2.156514006224989,7.999538791800328,2.8928309816444977,6.339931762631153
大井,好材料3,8463,12.111544369608886,1.1192638569360691,77.96644215999055,74.35542951671984,76.32675568159439,2.5168380007089683,7.969194318898921,2.8167127182606357,8.005192050947732
大井,好材料4以上,2533,15.278326095538885,1.1189524134439965,77.51283063560994,68.82352941176471,76.90946177128569,3.118831425187525,11.590642623829643,3.9880425364144902,14.622447917125001
大井,消し(指数6位~かつ前走追込),9623,5.923308739478333,0.8190954730107045,52.97204613945755,53.386677751221036,57.168242751740614,1.4028889119817105,7.9759218732034345,3.0972593232802574,6.908827436889112
川崎,その他,5069,10.554349970408365,0.9336898795084215,56.13138686131387,66.22410731899782,63.0653646347077,2.6435194318405997,7.412998593444258,3.4876620430150522,7.104504630364466
川崎,好材料3,4658,13.460712752254187,1.1119135095543733,77.17045942464577,74.24645770717046,84.29333047087448,2.9197080291970803,8.989424551895883,3.378574606591523,17.969935702379903
川崎,好材料4以上,1910,15.759162303664922,1.1301754934635222,83.42408376963351,71.94764397905759,74.38132635253054,3.4554973821989527,12.624625302749667,4.743285811041608,12.686975897982517
川崎,消し(指数6位~かつ前走追込),5228,7.306809487375669,0.8646808293352528,64.27888293802602,66.02716143840857,81.04023208365213,1.4919663351185921,10.393469500911856,4.342259729260782,14.912348440268605
浦和,その他,4618,11.62841056734517,0.9741892770342799,87.28886964053703,63.44737981810307,65.1461671719359,2.7717626678215677,12.125973826773674,3.2325681351132087,8.231000545238249
浦和,好材料3,3497,14.240777809551044,1.0853239387521088,78.80468973405776,72.8996282527881,68.09122104661138,2.8881898770374606,11.199224291057375,3.6955619798853454,9.149178350836458
浦和,好材料4以上,1265,17.31225296442688,1.1364026176406916,94.85375494071147,72.65612648221344,74.05401844532278,3.6363636363636362,17.636859469394725,5.273222127023281,14.189379684829719
浦和,消し(指数6位~かつ前走追込),4843,7.020441874870947,0.8690987764994843,73.47098905637002,60.270493495767084,78.87122307109918,1.4453850918851952,12.194642471234758,4.313154148371087,17.84877158279783
船橋,その他,4887,10.497237569060774,0.9352330783143472,59.461837528135874,65.08491917331696,71.36723279448877,2.4554941682013505,8.029093935734206,3.5259487443481468,14.356551536111485
船橋,好材料3,4238,13.308164228409627,1.075822959872434,67.09060877772534,71.37328928739971,69.43762781186093,3.0438886267107126,8.846180191001368,3.703920405702273,9.7635403270456
船橋,好材料4以上,1859,15.976331360946746,1.1300351587227437,79.63959117805271,72.52824098977945,59.89958759189528,3.28133405056482,13.1641857454278,4.576508344857412,10.884056828005582
船橋,消し(指数6位~かつ前走追込),4045,7.416563658838071,0.8865244859094309,52.35352286773795,59.987639060568604,97.48660898228265,2.07663782447466,8.305142914149362,4.479999301277197,17.61648990707157
名古屋,その他,8672,10.389760147601477,0.9561367252292194,66.18311808118081,64.51683579335793,67.52421586715867,2.640682656826568,9.861856928894785,2.799775492199395,6.809798625383698
名古屋,好材料3,7981,12.61746648289688,1.0652189380380415,66.1408344818945,66.97155744894124,69.00973144551644,3.1950883347951384,6.3434539859137296,2.5660340692316734,6.293019155406885
名古屋,好材料4以上,3296,16.049757281553397,1.1795757944079712,79.85740291262135,67.33009708737865,68.82534385113269,3.853155339805825,9.478666958258582,3.1769148191549057,7.864384319413819
名古屋,消し(指数6位~かつ前走追込),11129,6.712193368676431,0.8810476266900105,65.5279000808698,60.704465810045825,55.269565998742024,1.5724683259951477,8.202441731320151,2.856776045029922,6.589466978409925
笠松,その他,3677,13.27168887680174,1.04269516770494,56.760946423714984,68.45254283383193,86.65261535672197,4.514549904813707,8.408213175941748,3.886765142161922,10.850099413372833
笠松,好材料3,3509,14.106583072100312,1.0899827459195495,66.22399544029638,69.09945853519521,90.43839650422723,4.502707324023938,9.132032518487016,3.7513493631994748,11.821476236333078
笠松,好材料4以上,1915,15.87467362924282,1.1383117994009722,60.574412532637076,65.55613577023499,95.10879025239338,4.804177545691906,10.535197436583315,4.6307423743166405,18.371446981910804
笠松,消し(指数6位~かつ前走追込),4475,8.089385474860334,0.7873256739584803,47.208938547486035,61.12849162011173,57.85065176908753,2.2569832402234637,8.311622383094168,4.484377783731265,9.422151610833357
園田,その他,8485,10.453741897466116,0.9625232097479679,50.84619917501473,61.9634649381261,51.84521704969555,2.7224513847967002,7.235463502496959,2.747900750230071,5.914826072648126
園田,好材料3,7509,12.971101345052604,1.1317592384628419,77.50166466906379,68.23545079238248,69.37008922626183,3.329338127580237,7.621571123772235,2.5864045513094966,7.433512921181844
園田,好材料4以上,3163,16.882706291495417,1.251687161325486,79.4783433449257,66.91116029086311,71.58288544630625,4.362946569712299,12.744752898652575,3.14723045743891,7.873440473619492
園田,消し(指数6位~かつ前走追込),10178,5.551188838671645,0.7520973472430397,38.564550992336414,44.6521910001965,48.33906464924347,1.4148162703871094,5.4441900556915,2.4328707048089564,6.647989952683047
姫路,その他,1740,9.71264367816092,0.9447087005707586,44.60344827586207,56.87356321839081,66.38793103448276,2.471264367816092,11.636763773037298,5.091165610811612,17.261332761970237
姫路,好材料3,1608,11.753731343283583,1.08605029432951,80.51616915422886,62.506218905472636,63.53441127694859,3.171641791044776,18.500517778993306,5.5213241549837315,13.947214275605917
姫路,好材料4以上,743,14.401076716016151,1.0868943856130873,35.08748317631225,58.559892328398384,70.21085688649619,3.4993270524899054,11.26927534955246,6.334917344174853,20.59128649687549
姫路,消し(指数6位~かつ前走追込),1951,5.996924654023577,0.8956035517167489,62.39364428498206,44.95643259866735,57.03570818383735,1.8964633521271141,15.61850117021738,5.260219132369983,12.281509776255273
金沢,その他,3833,11.74015131750587,0.9565361224285639,63.86120532220193,63.112444560396554,66.96147491086182,3.7568484216018785,14.246056120511128,3.902790706229992,7.84357910152458
金沢,好材料3,3768,14.64968152866242,1.1579421425654646,76.93471337579618,77.1364118895966,83.633669497523,4.45859872611465,11.973995668681253,4.230309588531793,10.095326140688845
金沢,好材料4以上,1662,16.60649819494585,1.158798638769284,66.43200962695548,70.70397111913357,73.67428800641797,4.9338146811071,13.640772332028096,5.096814771049751,13.062350750896378
金沢,消し(指数6位~かつ前走追込),4936,7.597244732576986,0.8018524831287988,68.38128038897894,55.192463533225286,53.64026202052944,2.208265802269044,15.10188569912805,3.6577720286825026,7.419111857084389
高知,その他,5710,11.06830122591944,0.9791355169949233,64.50087565674255,61.84238178633976,66.07355516637477,2.5569176882662,8.179132946425698,2.9695366154457616,9.371584072832006
高知,好材料3,5595,13.279714030384271,1.0967989748699918,65.5674709562109,66.06613047363717,68.57819481680072,3.5746201966041107,8.110333297525262,2.786094535311954,8.23999619875873
高知,好材料4以上,2648,17.18277945619335,1.282589498131464,80.83836858006042,75.62311178247734,74.78348439073514,4.531722054380665,10.936652825577605,4.523301444999972,11.016371131599955
高知,消し(指数6位~かつ前走追込),7443,6.70428590622061,0.7660944527979955,63.88956066102378,49.40480988848583,61.17112275516144,1.6122531237404272,9.161399717559492,2.773799547194669,9.819867368599235
佐賀,その他,6718,10.866329264662102,1.0122619795475356,45.180113128907415,63.95206906817505,71.67634216532697,3.1408157189639776,5.57231811876549,2.9659664325888393,9.43278263829323
佐賀,好材料3,6300,12.619047619047619,1.0926355010534292,72.44444444444444,70.33650793650794,82.67248677248678,3.7619047619047623,8.491610776410885,3.1211163106856765,10.03265317450323
佐賀,好材料4以上,2509,16.939019529693105,1.2423164165085503,76.41689916301316,71.72578716620167,49.73827554138435,3.7066560382622558,10.404101253160292,3.9927721646951526,6.892379108296227
佐賀,消し(指数6位~かつ前走追込),9305,5.728103170338528,0.7700738498843156,51.15206878022568,47.25953788285868,64.19272792405518,1.9666845781837723,7.176821048595852,2.53205638851739,9.424742779452366
門別,その他,5885,9.889549702633815,0.9796016635859831,67.36618521665251,55.03143585386576,54.38006230529595,2.735768903993203,8.282358369056224,2.8120823119152076,6.748803382403973
門別,好材料3,4712,11.820882852292021,1.117430429452859,67.41723259762308,70.57724957555179,55.2306168647425,3.1409168081494054,10.685503647254459,4.132839413749611,6.736761122405264
門別,好材料4以上,1483,18.408631153068107,1.4234535345559522,78.02427511800404,76.98583951449764,65.23038885142729,4.787592717464599,14.166555169357517,5.330613566090084,10.176978072446737
門別,消し(指数6位~かつ前走追込),6561,4.679164761469289,0.7063498115329926,34.73555860387136,45.01143118427069,46.337956612305035,1.4479500076207896,7.166962208548294,3.6376104429799745,10.08872304714332
盛岡,その他,3504,11.558219178082192,0.9287226083568265,62.82248858447488,63.28196347031963,58.62775875190259,2.654109589041096,9.112451173945905,3.6804239952573874,11.440662249239363
盛岡,好材料3,3708,14.13160733549083,1.1023507422027774,69.87594390507012,73.87540453074433,52.75485436893204,2.7777777777777777,9.585725314787132,3.7223197557860073,6.966477704150634
盛岡,好材料4以上,1637,17.287721441661578,1.1758200488331236,64.04398289554062,73.15210751374465,54.90124210954998,3.726328649969456,11.368801692965347,4.720088568699172,9.325374175192986
盛岡,消し(指数6位~かつ前走追込),4484,8.273862622658342,0.8610160746169917,75.45495093666369,63.33853702051739,55.79988105857865,1.9179304192685103,13.277853790595383,4.392231593247449,8.127589145336735
水沢,その他,3859,11.997926924073594,0.9752716888395794,57.60041461518528,65.98082404768074,66.91629955947137,3.005960093288417,8.650242864539853,3.563834882977886,8.672911786789848
水沢,好材料3,3550,13.971830985915492,1.074056027319689,69.08169014084507,71.13521126760564,89.99154929577465,3.323943661971831,9.439265176132048,3.7131020871620333,18.79176490906091
水沢,好材料4以上,1580,17.72151898734177,1.2258187553427045,68.92405063291139,71.5253164556962,76.19620253164557,4.493670886075949,12.426011310275982,4.713899786654386,14.713567318367264
水沢,消し(指数6位~かつ前走追込),4798,8.086702792830346,0.8397525505553939,64.06836181742392,65.20216756982076,73.51257468389608,2.0216756982075865,11.7684962552507,4.305572907093156,13.527119189129273
