レース,レース名,距離,印,馬番,馬名,騎手,勝率%,3着内率%,前走,前走日,指数順,前走上がり順,前走脚質,好材料(体重除く4点),消し,上位組(３連単),買い目
1,Ｃ３四,1400,◎,1,ピュアリヤン,笹川翼,31.2,66.5,川崎3着(4人気),09/07,2,2,先行,3,False,1-5-4 2.1% / 5-1-4 1.9% / 1-5-12 1.8% / 5-1-12 1.7% / 1-4-5 1.6%,"[2頭軸] ３連単 1,5 → 1,5,4,12 → 1,5,4,12,6 (18点, モデル上の的中確率 19%)"
1,Ｃ３四,1400,,2,ブイブイエスワン,高橋利,2.3,11.6,船橋10着(11人気),09/28,9,6,追込,0,True,,
1,Ｃ３四,1400,,3,ニシノテンカフブ,吉留孝,3.4,15.9,浦和11着(10人気),09/22,6,5,追込,0,True,,
1,Ｃ３四,1400,▲,4,オーロファルコン,本田紀,12.0,38.5,川崎4着(6人気),04/07,1,4,差し,3,False,,
1,Ｃ３四,1400,○,5,コーリングヘニー,野畑凌,26.2,61.2,浦和2着(2人気),09/23,3,6,先行,2,False,,
1,Ｃ３四,1400,△,6,プロンプトノア,藤本現,4.1,17.9,川崎7着(10人気),06/17,8,8,差し,2,False,,
1,Ｃ３四,1400,,7,シュヴァルツボーイ,西村栄,2.8,13.7,船橋13着(10人気),09/29,12,11,差し,2,False,,
1,Ｃ３四,1400,,8,アンリ,加藤雄,1.2,7.2,浦和12着(12人気),09/23,10,11,追込,0,True,,
1,Ｃ３四,1400,,9,ヤンキージャック,池谷匠,3.0,14.4,川崎9着(9人気),09/07,7,10,差し,1,False,,
1,Ｃ３四,1400,,10,レディハナコ,古岡勇,3.3,15.4,川崎10着(10人気),09/11,4,6,追込,0,False,,
1,Ｃ３四,1400,,11,バーサズバラード,伊藤裕,0.5,4.1,川崎12着(12人気),09/07,11,12,追込,0,True,,
1,Ｃ３四,1400,△,12,カラルナ,新原周,9.9,33.7,浦和1着(7人気),09/22,5,1,先行,3,False,,
2,極楽寺坂（ごくらくじさか）賞Ｃ２選定馬,900,,1,エストレーラヘーザ,加藤雄,5.5,19.9,川崎5着(12人気),09/11,5,8,先行,1,False,9-4-8 0.8% / 4-9-8 0.8% / 9-4-11 0.7% / 4-9-11 0.7% / 9-4-7 0.6%,"[混戦] ３連複 4,7,8,9,11 BOX (10点, モデル上の的中確率 17%)"
2,極楽寺坂（ごくらくじさか）賞Ｃ２選定馬,900,,2,フライエフェクト,中越琉,4.8,18.1,川崎9着(10人気),09/10,10,6,差し,2,False,,
2,極楽寺坂（ごくらくじさか）賞Ｃ２選定馬,900,,3,リバテイー,七夕裕,3.0,12.9,船橋9着(12人気),09/29,11,7,追込,1,True,,
2,極楽寺坂（ごくらくじさか）賞Ｃ２選定馬,900,○,4,ラッキーカムカム,新原周,22.6,52.1,川崎3着(4人気),09/09,2,3,差し,4,False,,
2,極楽寺坂（ごくらくじさか）賞Ｃ２選定馬,900,,5,コトノサンショ,本田紀,3.5,14.4,川崎8着(12人気),09/09,8,4,追込,0,True,,
2,極楽寺坂（ごくらくじさか）賞Ｃ２選定馬,900,,6,マイカグラ,田中涼,5.8,20.7,川崎7着(5人気),09/10,4,4,追込,1,False,,
2,極楽寺坂（ごくらくじさか）賞Ｃ２選定馬,900,△,7,シノン,櫻井光,6.0,21.2,川崎11着(8人気),09/08,5,7,追込,0,False,,
2,極楽寺坂（ごくらくじさか）賞Ｃ２選定馬,900,▲,8,ピサンザプラ,佐野遥,8.6,27.6,船橋5着(5人気),09/30,9,12,逃げ,1,False,,
2,極楽寺坂（ごくらくじさか）賞Ｃ２選定馬,900,◎,9,ナキムシヒカル,中山遥,23.7,53.6,川崎8着(2人気),09/10,1,12,逃げ,2,False,,
2,極楽寺坂（ごくらくじさか）賞Ｃ２選定馬,900,,10,キチョウ,岡村裕,4.2,16.4,船橋8着(10人気),09/29,7,6,追込,1,True,,
2,極楽寺坂（ごくらくじさか）賞Ｃ２選定馬,900,△,11,アーガイルピンク,藤江渉,7.9,26.0,川崎4着(9人気),05/12,3,5,差し,3,False,,
2,極楽寺坂（ごくらくじさか）賞Ｃ２選定馬,900,,12,グローバルサウス,古岡勇,4.5,17.1,川崎11着(10人気),09/07,12,10,差し,1,False,,
3,２歳６,1400,,1,ココカコニコ,本田紀,1.9,12.2,川崎6着(7人気),09/07,7,6,追込,0,True,5-2-3 3.6% / 5-3-2 3.4% / 5-2-7 2.9% / 5-3-7 2.4% / 2-5-3 2.4%,"[軸1頭] ３連単 5 → 2,3,7,4 → 2,3,7,4 (12点, モデル上の的中確率 27%)"
3,２歳６,1400,○,2,ダイノエイコウ,野畑凌,17.7,55.8,川崎7着(5人気),09/11,5,7,逃げ,1,False,,
3,２歳６,1400,▲,3,デイデイト,加藤雄,15.0,50.9,川崎8着(5人気),08/20,2,5,追込,2,False,,
3,２歳６,1400,△,4,ヴィヴィアンパレス,町田直,7.2,31.8,川崎6着(5人気),09/11,6,6,追込,1,True,,
3,２歳６,1400,◎,5,ケンリーオーウェン,岡村健,41.7,80.5,川崎5着(8人気),09/07,1,4,追込,2,False,,
3,２歳６,1400,,6,ベアブレーズ,田中涼,6.0,28.1,川崎6着(7人気),09/11,4,6,追込,1,False,,
3,２歳６,1400,△,7,ベラブラウニー,櫻井光,10.5,40.8,川崎5着(5人気),09/07,3,3,追込,3,False,,
4,２歳５,1400,,1,ウメチャウゾ,本橋孝,5.2,23.8,川崎5着(1人気),09/11,8,5,差し,2,False,3-2-7 2.1% / 3-7-2 2.1% / 3-2-4 1.7% / 3-7-4 1.7% / 3-4-2 1.6%,"[軸1頭] ３連単 3 → 2,7,4,6 → 2,7,4,6 (12点, モデル上の的中確率 18%)"
4,２歳５,1400,○,2,リアンレガリア,ゴンサ,11.9,42.0,川崎5着(1人気),09/11,3,2,追込,3,False,,
4,２歳５,1400,◎,3,リアルブルース,笹川翼,44.7,80.2,川崎4着(2人気),05/15,1,4,逃げ,2,False,,
4,２歳５,1400,△,4,シンキングナウ,佐野遥,8.8,34.5,川崎4着(4人気),09/07,4,4,先行,2,False,,
4,２歳５,1400,,5,エポナシャンス,藤江渉,5.0,23.1,川崎4着(3人気),09/07,6,5,逃げ,1,False,,
4,２歳５,1400,△,6,アユタヤ,櫻井光,6.4,27.6,川崎5着(6人気),09/11,5,5,差し,2,False,,
4,２歳５,1400,▲,7,ツェルマット,町田直,11.8,41.6,川崎6着(7人気),09/08,2,6,先行,3,False,,
4,２歳５,1400,,8,クリノシェーン,池谷匠,6.3,27.3,川崎5着(3人気),06/18,7,5,逃げ,1,False,,
5,小町（こまち）特別（ローレル賞ＴＲ）２歳選定牝馬,1500,,1,ドコフクカゼ,新原周,4.1,16.8,川崎1着(1人気),08/19,8,1,追込,2,True,6-3-4 1.3% / 6-4-3 1.2% / 3-6-4 1.0% / 6-3-11 0.9% / 6-3-5 0.8%,"[2頭軸] ３連単 6,3 → 6,3,4,11 → 6,3,4,11,5 (18点, モデル上の的中確率 11%)"
5,小町（こまち）特別（ローレル賞ＴＲ）２歳選定牝馬,1500,,2,ウィズサークレット,町田直,5.8,21.8,川崎4着(7人気),07/30,6,3,差し,3,False,,
5,小町（こまち）特別（ローレル賞ＴＲ）２歳選定牝馬,1500,○,3,ゴールドモナコ,古岡勇,16.7,44.9,川崎1着(1人気),09/09,1,1,先行,4,False,,
5,小町（こまち）特別（ローレル賞ＴＲ）２歳選定牝馬,1500,▲,4,アレグロビバーチェ,本田重,12.2,36.5,川崎1着(1人気),08/19,4,1,逃げ,2,False,,
5,小町（こまち）特別（ローレル賞ＴＲ）２歳選定牝馬,1500,△,5,レインボーライフ,佐野遥,6.0,22.2,門別6着(7人気),09/03,3,1,追込,3,False,,
5,小町（こまち）特別（ローレル賞ＴＲ）２歳選定牝馬,1500,◎,6,フライトドクター,野畑凌,33.1,65.8,浦和2着(1人気),09/24,2,2,先行,4,False,,
5,小町（こまち）特別（ローレル賞ＴＲ）２歳選定牝馬,1500,,7,コーズマーサ,川島正,3.4,14.7,船橋5着(7人気),09/29,7,6,先行,2,False,,
5,小町（こまち）特別（ローレル賞ＴＲ）２歳選定牝馬,1500,,8,クリスタルシー,櫻井光,4.5,18.1,川崎5着(3人気),09/10,5,5,先行,2,False,,
5,小町（こまち）特別（ローレル賞ＴＲ）２歳選定牝馬,1500,,9,セイレジェ,西啓太,2.7,12.2,川崎1着(2人気),09/08,11,1,逃げ,2,False,,
5,小町（こまち）特別（ローレル賞ＴＲ）２歳選定牝馬,1500,,10,ラストハニー,和田譲,3.3,14.2,船橋3着(6人気),10/01,10,4,先行,2,False,,
5,小町（こまち）特別（ローレル賞ＴＲ）２歳選定牝馬,1500,△,11,マーラータン,岡村健,6.4,23.4,門別1着(1人気),08/06,9,1,先行,3,False,,
5,小町（こまち）特別（ローレル賞ＴＲ）２歳選定牝馬,1500,,12,ビエールブランシュ,池谷匠,1.9,9.4,川崎2着(2人気),09/11,12,2,先行,3,False,,
6,切通（きりとおし）賞２歳４,1400,,1,ユウユウキール,佐野遥,1.3,17.9,川崎8着(9人気),09/08,4,5,追込,1,False,4-7-2 4.3% / 4-2-7 4.1% / 4-7-3 3.8% / 4-7-5 3.7% / 4-3-7 3.5%,"[軸1頭] ３連単 4 → 7,2,3,5 → 7,2,3,5 (12点, モデル上の的中確率 41%)"
6,切通（きりとおし）賞２歳４,1400,▲,2,ピュアサロンガ,矢野貴,4.1,38.6,川崎3着(3人気),06/19,6,3,追込,2,True,,
6,切通（きりとおし）賞２歳４,1400,△,3,オリーブオイル,伊藤裕,3.5,34.7,川崎7着(2人気),09/08,2,8,差し,3,False,,
6,切通（きりとおし）賞２歳４,1400,◎,4,ツブアン,野畑凌,80.6,98.2,門別1着(1人気),09/10,1,1,逃げ,3,False,,
6,切通（きりとおし）賞２歳４,1400,△,5,テンリュウサイコー,増田充,3.3,33.7,川崎3着(4人気),09/11,5,3,差し,3,False,,
6,切通（きりとおし）賞２歳４,1400,,6,アタナシア,笹川翼,1.8,22.7,川崎3着(4人気),09/11,7,4,追込,1,True,,
6,切通（きりとおし）賞２歳４,1400,○,7,ヒートロア,ゴンサ,4.6,41.7,川崎4着(1人気),09/08,3,4,差し,3,False,,
6,切通（きりとおし）賞２歳４,1400,,8,ディアナサミット,神尾香,0.8,12.5,川崎3着(5人気),09/11,8,3,差し,3,False,,
7,名越（なごえ）賞Ｃ２選定馬１,1500,,1,ファイヤーボール,佐野遥,1.3,9.5,船橋11着(8人気),09/29,9,12,差し,2,False,4-10-5 4.5% / 4-10-2 4.1% / 10-4-5 3.5% / 10-4-2 3.2% / 4-5-10 3.0%,"[軸1頭] ３連単 4 → 10,5,2,6 → 10,5,2,6 ＋ 10 → 4 → 5,2,6 (15点, モデル上の的中確率 30%)"
7,名越（なごえ）賞Ｃ２選定馬１,1500,△,2,ジンガブリッツ,新原周,8.1,35.0,川崎7着(2人気),06/15,1,5,差し,3,False,,
7,名越（なごえ）賞Ｃ２選定馬１,1500,,3,ビップルーク,七夕裕,1.3,9.8,浦和7着(10人気),09/22,8,1,追込,1,True,,
7,名越（なごえ）賞Ｃ２選定馬１,1500,◎,4,チョコラテ,御神訓,43.9,82.4,川崎1着(1人気),08/19,2,1,逃げ,3,False,,
7,名越（なごえ）賞Ｃ２選定馬１,1500,▲,5,オンナユメラク,矢野貴,9.2,38.1,川崎2着(2人気),09/09,5,1,先行,3,False,,
7,名越（なごえ）賞Ｃ２選定馬１,1500,△,6,ボーゲンモーント,山口達,2.7,16.4,船橋7着(9人気),09/28,6,7,差し,1,False,,
7,名越（なごえ）賞Ｃ２選定馬１,1500,,7,バブリーヒーロー,木間龍,0.7,6.0,船橋12着(13人気),09/28,11,11,追込,1,True,,
7,名越（なごえ）賞Ｃ２選定馬１,1500,,8,シタパンツ,見越彬,1.0,7.8,浦和12着(11人気),09/24,10,12,追込,1,True,,
7,名越（なごえ）賞Ｃ２選定馬１,1500,,9,セレブウマザンマイ,仲野光,1.4,10.2,船橋8着(5人気),09/28,7,7,追込,1,True,,
7,名越（なごえ）賞Ｃ２選定馬１,1500,○,10,ミトノテイオー,野畑凌,28.0,70.5,川崎1着(1人気),09/11,3,1,逃げ,3,False,,
7,名越（なごえ）賞Ｃ２選定馬１,1500,,11,マロンルピナス,池谷匠,2.3,14.3,浦和6着(7人気),09/25,4,5,差し,2,False,,
8,亀ヶ谷坂（かめがやつさか）賞Ｃ１五,1400,△,1,オリコウパラダイス,伊藤裕,5.6,23.6,川崎1着(6人気),09/07,5,4,逃げ,1,False,9-6-10 2.3% / 9-10-6 1.9% / 9-6-1 1.6% / 6-9-10 1.5% / 9-6-5 1.5%,"[軸1頭] ３連単 9 → 6,10,1,5 → 6,10,1,5 (12点, モデル上の的中確率 14%)"
8,亀ヶ谷坂（かめがやつさか）賞Ｃ１五,1400,,2,キャッスルレーヴ,仲野光,2.0,11.0,船橋5着(12人気),09/28,10,4,差し,1,False,,
8,亀ヶ谷坂（かめがやつさか）賞Ｃ１五,1400,,3,ユウユウスプレマン,本田紀,0.9,6.4,川崎9着(8人気),09/07,11,9,追込,1,True,,
8,亀ヶ谷坂（かめがやつさか）賞Ｃ１五,1400,,4,キタノホウセキ,古岡勇,3.9,18.3,大井6着(2人気),09/01,7,9,逃げ,1,False,,
8,亀ヶ谷坂（かめがやつさか）賞Ｃ１五,1400,△,5,レフレール,中山遥,4.9,21.5,浦和11着(4人気),09/23,2,12,追込,2,False,,
8,亀ヶ谷坂（かめがやつさか）賞Ｃ１五,1400,○,6,ポッドシャンク,張田昂,18.3,51.9,川崎2着(1人気),09/07,3,2,逃げ,3,False,,
8,亀ヶ谷坂（かめがやつさか）賞Ｃ１五,1400,,7,ワイドリューレント,佐野遥,1.3,7.9,大井11着(11人気),08/12,12,5,差し,2,False,,
8,亀ヶ谷坂（かめがやつさか）賞Ｃ１五,1400,,8,ハマノヒカリ,増田充,3.2,15.9,川崎4着(2人気),07/09,8,5,差し,2,False,,
8,亀ヶ谷坂（かめがやつさか）賞Ｃ１五,1400,◎,9,ポッドデスペア,池谷匠,43.7,77.8,川崎1着(2人気),03/03,1,1,先行,4,False,,
8,亀ヶ谷坂（かめがやつさか）賞Ｃ１五,1400,▲,10,ミオサンダー,矢野貴,9.9,35.2,川崎3着(10人気),09/08,4,4,先行,2,False,,
8,亀ヶ谷坂（かめがやつさか）賞Ｃ１五,1400,,11,ヒマワリシャワー,新原周,2.4,12.6,川崎11着(7人気),09/07,9,10,追込,1,True,,
8,亀ヶ谷坂（かめがやつさか）賞Ｃ１五,1400,,12,オオイシフジノハナ,藤本現,3.8,17.9,船橋3着(10人気),09/28,6,4,差し,2,False,,
9,巨福呂坂（こぶくろざか）特別Ｃ１選定馬,1500,△,1,コルネットロッソ,笹川翼,12.0,35.4,川崎12着(1人気),09/07,5,10,追込,1,False,3-9-4 0.7% / 3-4-9 0.6% / 9-3-4 0.6% / 3-9-1 0.6% / 3-9-8 0.6%,"[混戦] ３連複 1,3,4,8,9 BOX (10点, モデル上の的中確率 26%)"
9,巨福呂坂（こぶくろざか）特別Ｃ１選定馬,1500,,2,フラッシュタイム,岡田大,6.3,22.4,浦和5着(10人気),09/23,8,5,先行,1,False,,
9,巨福呂坂（こぶくろざか）特別Ｃ１選定馬,1500,◎,3,フルミネビアンコ,櫻井光,19.8,48.9,川崎1着(2人気),09/07,4,1,逃げ,2,False,,
9,巨福呂坂（こぶくろざか）特別Ｃ１選定馬,1500,▲,4,ボンセレンシス,町田直,14.2,39.6,川崎5着(5人気),09/08,3,6,差し,3,False,,
9,巨福呂坂（こぶくろざか）特別Ｃ１選定馬,1500,,5,ユウオウマイシン,半澤慶,4.9,18.6,浦和5着(6人気),09/25,7,7,先行,1,False,,
9,巨福呂坂（こぶくろざか）特別Ｃ１選定馬,1500,,6,ジュンフカリ,神尾香,4.3,17.0,浦和3着(8人気),09/23,6,1,差し,3,False,,
9,巨福呂坂（こぶくろざか）特別Ｃ１選定馬,1500,,7,エースオーディン,鷹見陸,4.4,17.3,船橋2着(4人気),09/29,10,3,先行,3,False,,
9,巨福呂坂（こぶくろざか）特別Ｃ１選定馬,1500,△,8,ガルバナム,伊藤裕,11.9,35.3,園田3着(8人気),09/03,2,1,差し,4,False,,
9,巨福呂坂（こぶくろざか）特別Ｃ１選定馬,1500,○,9,ポジティビティ,西啓太,16.3,43.3,川崎1着(9人気),09/09,1,3,先行,4,False,,
9,巨福呂坂（こぶくろざか）特別Ｃ１選定馬,1500,,10,ゴットランド,野畑凌,6.2,22.2,川崎7着(5人気),07/07,9,6,差し,2,False,,
10,朝夷奈（あさいな）賞Ｂ２選定馬,900,△,1,モンゲースパイ,新原周,14.1,40.9,川崎2着(1人気),05/15,2,7,先行,3,False,9-7-5 1.2% / 9-5-7 1.2% / 9-7-1 1.2% / 9-5-1 1.1% / 9-1-7 1.1%,"[2頭軸] ３連単 9,7 → 9,7,5,1 → 9,7,5,1,10 (18点, モデル上の的中確率 14%)"
10,朝夷奈（あさいな）賞Ｂ２選定馬,900,,2,クリムゾンプリンス,野畑凌,5.7,21.9,船橋11着(10人気),06/04,6,12,逃げ,1,False,,
10,朝夷奈（あさいな）賞Ｂ２選定馬,900,,3,ピーエムナナ,本橋孝,4.6,18.6,川崎4着(7人気),09/08,5,1,差し,2,False,,
10,朝夷奈（あさいな）賞Ｂ２選定馬,900,,4,タツノマッハ,山林信,0.7,4.7,浦和13着(12人気),09/25,10,13,追込,1,True,,
10,朝夷奈（あさいな）賞Ｂ２選定馬,900,▲,5,ララアヴリル,矢野貴,14.8,42.2,-着(人気),,,,,1,False,,
10,朝夷奈（あさいな）賞Ｂ２選定馬,900,,6,サポーズドトゥキル,池谷匠,1.2,6.8,船橋6着(11人気),08/28,11,7,差し,2,False,,
10,朝夷奈（あさいな）賞Ｂ２選定馬,900,○,7,タツノキングオー,佐野遥,15.1,42.7,船橋1着(4人気),09/28,1,5,逃げ,2,False,,
10,朝夷奈（あさいな）賞Ｂ２選定馬,900,,8,ポッドレオ,古岡勇,2.2,11.0,船橋7着(9人気),10/01,7,8,差し,1,False,,
10,朝夷奈（あさいな）賞Ｂ２選定馬,900,◎,9,クリノウィリアム,櫻井光,29.7,63.1,川崎1着(1人気),09/07,3,1,先行,4,False,,
10,朝夷奈（あさいな）賞Ｂ２選定馬,900,△,10,エターナルセイバー,伊藤裕,7.2,25.7,川崎1着(1人気),08/20,4,3,先行,3,False,,
10,朝夷奈（あさいな）賞Ｂ２選定馬,900,,11,レイデルマール,山口達,1.2,6.9,船橋8着(8人気),10/01,9,6,追込,1,True,,
10,朝夷奈（あさいな）賞Ｂ２選定馬,900,,12,クラウンブラヴォー,椿聡太,3.6,15.5,船橋6着(9人気),09/28,8,4,差し,2,False,,
11,かながわ畜産物フェア２０２６Ａ２Ｂ１一,1600,,1,プラズマ,本橋孝,2.8,19.7,船橋6着(3人気),10/01,9,4,差し,2,False,2-6-7 2.6% / 2-7-6 2.5% / 2-6-4 2.3% / 2-4-6 2.1% / 2-7-4 2.0%,"[軸1頭] ３連単 2 → 6,7,4,8 → 6,7,4,8 (12点, モデル上の的中確率 22%)"
11,かながわ畜産物フェア２０２６Ａ２Ｂ１一,1600,◎,2,マイケルマキシマス,御神訓,65.3,92.7,川崎1着(1人気),05/14,1,1,差し,4,False,,
11,かながわ畜産物フェア２０２６Ａ２Ｂ１一,1600,,3,リヴェルベロ,木間龍,1.8,14.3,船橋10着(8人気),10/01,3,10,逃げ,2,False,,
11,かながわ畜産物フェア２０２６Ａ２Ｂ１一,1600,△,4,タマモヴェナトル,櫻井光,5.3,30.4,川崎5着(5人気),09/08,2,6,差し,3,False,,
11,かながわ畜産物フェア２０２６Ａ２Ｂ１一,1600,,5,ピックアップライン,ゴンサ,3.6,23.4,大井4着(5人気),09/03,8,7,逃げ,1,False,,
11,かながわ畜産物フェア２０２６Ａ２Ｂ１一,1600,○,6,アルゴナヴィス,笹川翼,7.6,38.7,大井3着(2人気),09/03,5,2,追込,2,False,,
11,かながわ畜産物フェア２０２６Ａ２Ｂ１一,1600,▲,7,ロードレイジング,矢野貴,6.4,34.4,浦和8着(9人気),09/24,6,3,差し,3,False,,
11,かながわ畜産物フェア２０２６Ａ２Ｂ１一,1600,△,8,エコロマーズ,新原周,3.8,24.3,船橋8着(7人気),10/02,4,8,差し,2,False,,
11,かながわ畜産物フェア２０２６Ａ２Ｂ１一,1600,,9,シンメルーブス,篠谷葵,3.3,22.1,盛岡4着(7人気),08/30,7,4,差し,2,False,,
12,大仏（だいぶつ）賞Ｂ３選定馬,900,▲,1,スノーランス,佐野遥,12.6,36.6,-着(人気),,,,,1,False,7-12-1 1.0% / 12-7-1 0.9% / 7-12-6 0.9% / 7-1-12 0.9% / 12-7-6 0.8%,"[混戦] ３連複 1,6,7,8,12 BOX (10点, モデル上の的中確率 24%)"
12,大仏（だいぶつ）賞Ｂ３選定馬,900,,2,クラレーヴ,木間龍,3.2,13.6,船橋14着(7人気),08/28,4,14,逃げ,0,False,,
12,大仏（だいぶつ）賞Ｂ３選定馬,900,,3,ファイアトーチ,ゴンサ,2.2,10.2,船橋10着(6人気),09/29,8,10,追込,1,True,,
12,大仏（だいぶつ）賞Ｂ３選定馬,900,,4,タイセイフランク,櫻井光,2.5,11.2,船橋11着(8人気),09/29,11,11,追込,1,True,,
12,大仏（だいぶつ）賞Ｂ３選定馬,900,,5,ブライティアブエナ,沖響主,4.6,17.8,船橋4着(6人気),10/01,10,2,差し,2,False,,
12,大仏（だいぶつ）賞Ｂ３選定馬,900,△,6,クレイスアバンティ,神尾香,10.4,32.1,浦和3着(6人気),09/25,3,6,逃げ,2,False,,
12,大仏（だいぶつ）賞Ｂ３選定馬,900,◎,7,エルガー,町田直,24.1,54.8,浦和1着(3人気),09/23,1,2,差し,4,False,,
12,大仏（だいぶつ）賞Ｂ３選定馬,900,△,8,サベージラヴ,野畑凌,6.9,24.1,船橋2着(4人気),09/29,7,7,先行,2,False,,
12,大仏（だいぶつ）賞Ｂ３選定馬,900,,9,ランラン,山林信,3.1,13.3,川崎6着(8人気),06/19,9,5,追込,1,True,,
12,大仏（だいぶつ）賞Ｂ３選定馬,900,,10,トリプルアクセル,藤本現,2.8,12.3,川崎6着(6人気),07/07,5,4,差し,2,False,,
12,大仏（だいぶつ）賞Ｂ３選定馬,900,,11,ミスフォルテ,笹川翼,6.9,23.9,川崎6着(8人気),09/07,6,5,追込,1,True,,
12,大仏（だいぶつ）賞Ｂ３選定馬,900,○,12,トゥナシ,見越彬,20.7,50.2,船橋4着(3人気),09/28,2,9,逃げ,2,False,,
