競馬場,R,方式,◎,◎の着順,◎の人気,1番人気の着順,印5頭の3着内数,結果(３連単),３連単配当,３連単買い目点数,３連単的中,３連単払戻,３連複BOX点数,３連複的中,３連複払戻
笠松,1,事前情報モデル,1,1.0,1.0,1.0,2,1-7-3,4240,15,False,0,0,False,0
笠松,2,事前情報モデル,4,1.0,1.0,1.0,2,4-3-5,7890,15,False,0,0,False,0
笠松,3,事前情報モデル,3,1.0,1.0,1.0,3,3-5-2,730,15,True,730,0,False,0
笠松,4,事前情報モデル,5,4.0,1.0,4.0,1,4-8-6,152150,15,False,0,0,False,0
笠松,5,事前情報モデル,3,4.0,1.0,4.0,1,7-8-2,117510,18,False,0,0,False,0
笠松,6,事前情報モデル,6,3.0,1.0,3.0,3,1-8-6,9250,0,False,0,10,True,1170
笠松,7,事前情報モデル,2,2.0,1.0,2.0,3,6-2-7,2750,18,False,0,0,False,0
笠松,8,事前情報モデル,1,1.0,1.0,1.0,3,1-6-9,2590,18,True,2590,0,False,0
笠松,9,事前情報モデル,6,1.0,1.0,1.0,2,6-3-8,3120,0,False,0,10,False,0
笠松,10,事前情報モデル,7,2.0,1.0,2.0,1,2-7-8,85890,12,False,0,0,False,0
笠松,11,事前情報モデル,5,1.0,1.0,1.0,2,5-2-3,7390,0,False,0,10,False,0
笠松,12,事前情報モデル,10,5.0,2.0,4.0,1,1-4-3,38850,0,False,0,10,False,0
大井,9,オッズ＋補正,8,2.0,1.0,2.0,2,11-8-9,42460,12,False,0,10,False,0
大井,10,オッズ＋補正,11,3.0,2.0,2.0,3,13-6-11,3840,18,False,0,10,True,570
園田,12,オッズ＋補正,11,2.0,1.0,2.0,2,8-11-6,43540,18,False,0,10,False,0
