競馬場,1着_上がり3位内%,2着_上がり3位内%,3着_上がり3位内%,3着内馬の上がり3位内%,上がり最速馬の3着内率,上がり最速馬の勝率
帯広ば,,,,,,
大井,77.36916548797737,62.59128386336867,46.78790741615494,62.2592563477714,66.02699283002951,37.30493462673977
川崎,83.7847344354555,70.9110094970102,53.284158763610826,69.31911402789171,75.97019559143124,44.4892890406706
浦和,84.16038110361255,64.63124504361618,47.87614132592298,65.55555555555556,71.51943462897526,43.49823321554771
船橋,81.84438040345822,66.66666666666666,51.8545192653943,66.78674351585015,72.23119147562157,41.16887310300291
名古屋,89.7589199614272,72.24363916730917,53.42862661773228,71.81993569131832,77.37013543631065,48.20846905537459
笠松,84.99234303215927,70.26060296371998,52.568361870687454,69.28054491272883,74.06103286384976,44.389671361502344
園田,87.62677484787018,71.39966273187184,52.688535678052084,70.57432432432432,77.55287009063444,46.570996978851966
姫路,87.07037643207856,75.30662305805397,53.650533223954056,72.02510917030568,79.21985815602837,47.4468085106383
金沢,85.79175704989154,68.26949198587342,54.87109905020353,69.64899583861046,76.6115090145715,46.06075574215856
高知,85.28740875912408,69.0176322418136,51.454087474238605,68.60801951517,75.17126842433049,45.713099439485156
佐賀,79.94891443167306,62.58517887563884,48.583599574014904,63.70927674071971,68.75842155919153,39.576515880654476
門別,79.54727030625833,63.026105487480024,49.654071314529006,64.07206887370197,69.0567853705486,36.45332050048123
盛岡,79.06123945727906,62.95888399412628,51.65319617927994,64.5662547412211,70.04909983633388,36.857610474631755
水沢,78.99894994749738,61.473978344393984,51.83887915936952,64.10495626822157,68.38530410620562,35.65915405989503
