競馬場,不良,水分1.5-2.4%,水分2.5%~,水分~1.4%,稍重,良,重
帯広ば,,67.54832146490337,65.75757575757576,70.89084065244667,,,
大井,70.8108108108108,,,,76.45348837209302,71.98375870069606,71.63934426229508
川崎,63.366336633663366,,,,76.18147448015122,73.46613545816733,73.33333333333333
浦和,74.69879518072288,,,,69.77329974811083,72.39316239316238,72.56317689530685
船橋,77.24550898203593,,,,75.64102564102564,75.93984962406014,73.5
名古屋,76.47058823529412,,,,76.51821862348179,74.79709525843657,70.13201320132013
笠松,71.91780821917808,,,,78.05555555555556,80.6231327358088,77.4074074074074
園田,73.57512953367875,,,,78.71674491392801,77.5524724297403,75.19083969465649
姫路,78.78787878787878,,,,84.93150684931507,79.57371225577265,73.50427350427351
金沢,83.47245409015025,,,,81.13207547169812,80.41237113402062,78.59375
高知,75.14506769825918,,,,79.55801104972376,76.53958944281524,75.35753575357535
佐賀,74.5230078563412,,,,78.1010719754977,80.14796547472255,78.30342577487765
門別,72.95081967213115,,,,77.81456953642383,79.29216867469879,75.24752475247524
盛岡,74.33628318584071,,,,75.40192926045016,75.02439024390245,72.77936962750717
水沢,71.72897196261682,,,,77.08703374777976,74.60850111856824,74.2014742014742
