競馬場,馬場G,レース数,上位3人気で決着,六番人気以下が絡む,一番人気が絡む,人気合計中央値,六番人気以下が絡む2023,レース数2023,六番人気以下が絡む2024,レース数2024,六番人気以下が絡む2025,レース数2025
佐賀,不良,891,14.927048260381593,46.801346801346796,74.29854096520762,10.0,47.910863509749305,359.0,46.3855421686747,332.0,45.5,200
佐賀,稍重,653,15.620214395099541,47.77947932618683,77.7947932618683,10.0,45.57522123893805,226.0,47.05882352941176,204.0,50.672645739910315,223
佐賀,良,1626,17.035670356703566,44.895448954489545,79.82779827798278,9.0,47.4468085106383,470.0,42.07650273224044,549.0,45.46952224052718,607
佐賀,重,615,18.536585365853657,48.45528455284553,78.04878048780488,9.0,54.112554112554115,231.0,44.44444444444444,180.0,45.588235294117645,204
名古屋,不良,391,12.531969309462914,55.49872122762148,76.47058823529412,10.0,52.17391304347826,92.0,55.172413793103445,174.0,58.4,125
名古屋,稍重,742,12.129380053908356,51.34770889487871,76.41509433962264,10.0,51.037344398340245,241.0,46.540880503144656,159.0,53.80116959064327,342
名古屋,良,2343,15.023474178403756,51.0456679470764,74.6052069995732,10.0,48.31763122476447,743.0,53.1812725090036,833.0,51.36897001303781,767
名古屋,重,607,12.026359143327841,53.37726523887974,69.8517298187809,10.0,51.181102362204726,254.0,51.28205128205128,195.0,59.49367088607595,158
園田,不良,192,16.145833333333336,50.0,73.4375,10.0,42.10526315789473,38.0,47.05882352941176,85.0,57.971014492753625,69
園田,稍重,1277,17.07126076742365,43.61785434612373,78.70007830853562,9.0,40.61032863849765,426.0,44.73684210526316,418.0,45.49653579676674,433
園田,良,2806,16.571632216678548,42.302209550962225,77.4768353528154,9.0,44.46808510638298,940.0,42.66211604095563,879.0,39.918946301925025,987
園田,重,525,13.333333333333334,48.76190476190476,75.04761904761905,10.0,44.05594405594406,143.0,51.4018691588785,214.0,49.404761904761905,168
大井,不良,368,11.41304347826087,59.5108695652174,70.92391304347827,11.0,58.70967741935483,155.0,60.0,110.0,60.19417475728155,103
大井,稍重,691,14.47178002894356,53.2561505065123,75.97684515195368,10.0,54.54545454545454,143.0,53.75,240.0,52.27272727272727,308
大井,良,1722,13.008130081300814,56.91056910569105,71.95121951219512,10.0,60.74313408723748,619.0,57.19237435008665,577.0,52.09125475285171,526
大井,重,610,11.147540983606557,56.22950819672131,71.31147540983606,10.0,58.525345622119815,217.0,58.24175824175825,182.0,52.13270142180095,211
姫路,不良,33,27.27272727272727,27.27272727272727,78.78787878787878,8.0,10.0,10.0,,,34.78260869565217,23
姫路,稍重,219,19.63470319634703,41.0958904109589,84.93150684931507,9.0,41.05960264900662,151.0,41.07142857142857,56.0,41.66666666666667,12
姫路,良,563,14.742451154529308,42.98401420959148,79.39609236234459,9.0,47.89473684210526,190.0,38.21656050955414,157.0,42.129629629629626,216
姫路,重,117,11.11111111111111,38.46153846153847,73.50427350427351,9.0,44.44444444444444,9.0,38.94736842105263,95.0,30.76923076923077,13
川崎,不良,102,10.784313725490197,54.90196078431373,62.745098039215684,11.0,60.97560975609756,41.0,56.25,16.0,48.888888888888886,45
川崎,稍重,529,12.476370510396976,53.119092627599244,75.99243856332704,10.0,56.55172413793104,145.0,46.808510638297875,188.0,56.63265306122449,196
川崎,良,1253,12.051077414205906,52.67358339984038,73.18435754189943,10.0,50.09633911368015,519.0,52.459016393442624,366.0,56.52173913043478,368
川崎,重,376,14.095744680851062,53.72340425531915,72.87234042553192,10.0,62.06896551724138,58.0,53.92670157068062,191.0,49.60629921259843,127
帯広ば,水分1.5-2.4%,2959,10.679283541737075,56.30280500168976,67.04967894558973,10.0,56.014047410008786,1139.0,57.33207190160833,1057.0,55.307994757536036,763
帯広ば,水分2.5%~,659,9.559939301972687,56.904400606980275,65.70561456752657,10.0,57.30769230769231,260.0,52.4822695035461,141.0,58.91472868217055,258
帯広ば,水分~1.4%,1598,12.453066332916144,50.563204005006256,70.65081351689612,10.0,47.66839378238342,386.0,51.70648464163823,586.0,51.2779552715655,626
水沢,不良,429,13.286713286713287,49.417249417249415,71.56177156177156,10.0,44.60431654676259,139.0,49.25373134328358,201.0,57.30337078651685,89
水沢,稍重,564,15.070921985815602,46.09929078014184,76.95035460992908,9.0,46.36871508379888,179.0,47.019867549668874,151.0,45.2991452991453,234
水沢,良,892,15.358744394618833,49.10313901345291,74.55156950672645,10.0,47.70318021201413,283.0,47.88273615635179,307.0,51.65562913907284,302
水沢,重,408,15.441176470588236,49.754901960784316,74.01960784313727,10.0,48.854961832061065,131.0,52.4822695035461,141.0,47.794117647058826,136
浦和,不良,167,16.766467065868262,52.09580838323353,74.25149700598801,10.0,54.32098765432099,81.0,46.15384615384615,52.0,55.88235294117647,34
浦和,稍重,396,13.383838383838384,52.27272727272727,69.6969696969697,10.0,52.21238938053098,113.0,47.91666666666667,144.0,56.83453237410072,139
浦和,良,1172,12.713310580204778,53.15699658703071,72.09897610921502,10.0,53.051643192488264,426.0,50.943396226415096,371.0,55.46666666666666,375
浦和,重,278,14.388489208633093,52.15827338129496,72.3021582733813,10.0,61.8421052631579,76.0,53.68421052631579,95.0,43.925233644859816,107
盛岡,不良,226,15.486725663716813,45.57522123893805,74.33628318584071,9.0,42.857142857142854,126.0,37.83783783783784,37.0,55.55555555555556,63
盛岡,稍重,620,14.032258064516128,50.0,75.48387096774194,10.0,49.48979591836735,196.0,50.23474178403756,213.0,50.23696682464455,211
盛岡,良,1026,13.54775828460039,49.122807017543856,74.85380116959064,10.0,47.781569965870304,293.0,52.312138728323696,346.0,47.286821705426355,387
盛岡,重,350,14.571428571428571,50.57142857142857,72.28571428571429,10.0,51.298701298701296,154.0,57.14285714285714,98.0,42.857142857142854,98
笠松,不良,146,19.863013698630137,43.83561643835616,71.91780821917808,9.0,51.28205128205128,39.0,31.48148148148148,54.0,50.943396226415096,53
笠松,稍重,361,22.160664819944596,34.34903047091413,77.5623268698061,9.0,36.2962962962963,135.0,29.92125984251969,127.0,37.37373737373738,99
笠松,良,2343,19.248826291079812,37.3026034997866,80.58045241143833,9.0,36.76470588235294,816.0,34.07601572739188,763.0,41.09947643979058,764
笠松,重,270,16.296296296296298,37.407407407407405,77.4074074074074,9.0,41.25,80.0,35.172413793103445,145.0,37.77777777777778,45
船橋,不良,167,11.976047904191617,57.48502994011976,77.24550898203593,10.0,,,53.98230088495575,113.0,64.81481481481481,54
船橋,稍重,315,14.603174603174605,52.6984126984127,74.92063492063492,10.0,,,52.02020202020202,198.0,53.84615384615385,117
船橋,良,799,13.76720901126408,48.56070087609512,75.46933667083854,10.0,,,46.30225080385852,311.0,50.0,488
船橋,重,200,10.5,48.5,73.5,9.0,,,44.75524475524475,143.0,57.89473684210527,57
金沢,不良,599,14.190317195325541,41.40233722871452,83.30550918196995,9.0,39.48717948717949,195.0,40.17857142857143,224.0,45.0,180
金沢,稍重,373,17.962466487935657,43.43163538873995,80.6970509383378,9.0,40.15748031496063,127.0,48.717948717948715,117.0,41.86046511627907,129
金沢,良,1362,17.180616740088105,41.262848751835534,80.02936857562408,9.0,37.23653395784544,427.0,43.69747899159664,476.0,42.48366013071895,459
金沢,重,642,15.887850467289718,37.850467289719624,78.03738317757009,9.0,34.439834024896264,241.0,40.25974025974026,231.0,39.411764705882355,170
門別,不良,122,16.39344262295082,42.62295081967213,72.95081967213115,9.0,43.75,48.0,44.73684210526316,38.0,38.88888888888889,36
門別,稍重,1210,16.859504132231404,39.917355371900825,77.60330578512396,9.0,43.89233954451346,483.0,37.42857142857143,350.0,37.13527851458886,377
門別,良,1328,19.427710843373493,39.006024096385545,79.14156626506023,9.0,42.81767955801105,362.0,36.489151873767256,507.0,38.77995642701525,459
門別,重,305,19.01639344262295,42.950819672131146,74.75409836065575,9.0,35.22727272727273,88.0,52.38095238095239,84.0,42.10526315789473,133
高知,不良,1034,14.410058027079303,47.195357833655706,74.95164410058027,9.0,49.187935034802784,431.0,45.28301886792453,371.0,46.55172413793103,232
高知,稍重,907,20.17640573318633,45.75523704520397,79.38257993384785,9.0,45.302013422818796,298.0,45.66929133858268,254.0,46.19718309859155,355
高知,良,682,15.982404692082111,41.49560117302053,76.39296187683284,9.0,50.0,58.0,41.31736526946108,334.0,40.0,290
高知,重,911,15.697036223929747,44.45664105378705,74.97255762897915,9.0,44.02035623409669,393.0,41.00418410041841,239.0,48.028673835125446,279
