競馬場,逃げ,先行,差し,追込
帯広ば,,,,
大井,1.342488261363644,1.3533444715108955,0.8463213881660171,0.4105281825533643
川崎,1.3388180248890136,1.44313680534554,0.8098107230158866,0.24485878983371961
浦和,1.404320477541761,1.6453321608774556,0.6333433244746867,0.05901428342338822
船橋,1.2737957116170546,1.3033326245180632,0.9029771925065095,0.5069043902105248
名古屋,1.2539545940949437,1.5152938754439573,0.7380420110067188,0.1642207678046548
笠松,1.157079304912046,1.4947973952404168,0.9420618176576598,0.25410993595043285
園田,1.271827799718503,1.4211772796409072,0.797588199770065,0.25251084105158833
姫路,1.2516874173768802,1.437485097019115,0.7904211238877001,0.28266767236150364
金沢,1.2444412329082393,1.4884130491902903,0.8405172036774363,0.25472225620825356
高知,1.3603937281761411,1.4883235696683046,0.8001334229547336,0.21949961586437233
佐賀,1.2787674503478,1.5697330063129808,0.6896431570473015,0.11835277475063351
門別,1.1936941783102444,1.3080197542294134,0.8776224876526606,0.3817849133797663
盛岡,1.3466080496678936,1.419445664448477,0.8612147825775278,0.3524563647721984
水沢,1.290472262900803,1.588146224052486,0.7675329971199812,0.1479878017817815
