競馬場,レース数,1-3着が上位4人気,うち上位3人気,1-2着が上位4人気,4人気決着時_1人気1着,4人気決着時_1人気3着内,4人気決着時_1人気勝ちオッズ中央値,4人気決着時_1人気勝ちオッズ平均,全体_1人気勝ちオッズ中央値,4人気決着時_3連単中央値
帯広ば,6403,26.706231454005934,11.010463845072623,52.256754646259566,43.45029239766082,87.54385964912281,2.2,2.232166890982503,2.3,4725.0
大井,4137,28.83732173072275,12.762871646120377,55.83756345177665,49.371332774518024,91.36630343671416,1.7,1.8500848896434636,1.7,3870.0
川崎,2788,30.48780487804878,12.5896700143472,57.890961262553795,47.05882352941176,90.94117647058823,1.7,1.8627500000000001,1.8,3770.0
浦和,2474,29.830234438156833,13.01535974130962,56.30557801131771,46.34146341463415,90.78590785907859,1.7,1.8596491228070176,1.8,3985.0
船橋,2743,31.31607728764127,13.124316441851988,59.35107546481954,47.49708963911525,90.104772991851,1.7,1.7710784313725492,1.7,3630.0
名古屋,5045,31.615460852329036,13.79583746283449,59.26660059464817,50.65830721003135,92.2884012539185,1.7,1.8126237623762376,1.7,3370.0
笠松,3839,41.65147173743162,19.14561083615525,69.3670226621516,50.96935584740463,90.93183239524703,1.5,1.641717791411043,1.6,2380.0
園田,5770,36.84575389948007,16.568457538994803,64.1941074523397,49.48259642521167,91.67450611476951,1.7,1.7539923954372625,1.7,2870.0
姫路,1221,37.67403767403768,15.724815724815725,66.83046683046683,46.73913043478261,90.8695652173913,1.7,1.7786046511627907,1.7,3410.0
金沢,3592,39.50445434298441,17.511135857461024,68.01224944320712,56.448202959830866,92.38900634249472,1.5,1.591760299625468,1.5,2195.0
高知,4290,36.62004662004662,16.55011655011655,63.240093240093245,53.02355187778485,90.96117122851687,1.5,1.6261704681872748,1.6,2560.0
佐賀,4611,35.6755584471915,16.72088484059857,64.12925612665366,51.610942249240125,91.73252279635258,1.6,1.6500588928150766,1.6,2740.0
門別,3586,40.96486335750139,18.014500836586723,67.5404350250976,50.91899251191286,90.60585432266848,1.7,1.7457219251336897,1.7,2620.0
盛岡,2714,32.16654384672071,13.780397936624908,57.7376565954311,49.59908361970218,89.00343642611683,1.6,1.7302540415704388,1.7,3145.0
水沢,2718,33.6644591611479,14.90066225165563,60.96394407652686,50.1639344262295,90.1639344262295,1.7,1.8058823529411765,1.7,3190.0
