競馬場,~8頭,9-10頭,11-12頭,13頭~
帯広ば,35.1961950059453,25.422509888529305,,
大井,53.46534653465347,33.22528363047002,28.137254901960784,23.139312977099237
川崎,55.64516129032258,37.52244165170557,24.44113263785395,20.502901353965182
浦和,52.09125475285171,33.218588640275385,25.111252383979654,22.807017543859647
船橋,52.63157894736842,29.185867895545314,25.961538461538463,22.658610271903324
名古屋,53.84615384615385,37.60932944606414,29.035612165323627,
笠松,47.30656219392752,36.08058608058608,26.41509433962264,
園田,52.720079129574685,35.909943714821765,30.37249283667622,
姫路,52.88461538461539,37.15220949263502,30.597014925373134,
金沢,48.4779299847793,37.284234752589185,24.814814814814813,
高知,46.43320363164721,41.86046511627907,28.063660477453585,
佐賀,50.0,35.714285714285715,33.0977130977131,
門別,52.56570713391739,41.85022026431718,34.84848484848485,32.35294117647059
盛岡,46.3519313304721,33.42151675485009,25.114573785517873,17.391304347826086
水沢,51.57657657657657,32.74942878903275,26.638917793964623,
