競馬場,1.0-1.4倍,1.5-1.9倍,2.0-2.9倍,3.0-3.9倍,4.0倍~
帯広ば,12.516823687752353,25.3028263795424,46.16419919246299,15.074024226110364,0.9421265141318977
大井,32.42784380305603,30.560271646859082,31.239388794567063,5.263157894736842,0.5093378607809848
川崎,28.000000000000004,35.5,31.25,4.75,0.5
浦和,30.116959064327485,32.748538011695906,31.57894736842105,5.555555555555555,0.0
船橋,35.53921568627451,32.84313725490196,26.225490196078432,4.411764705882353,0.9803921568627451
名古屋,29.33168316831683,36.633663366336634,30.198019801980198,3.7128712871287126,0.12376237623762376
笠松,40.98159509202454,35.58282208588957,21.84049079754601,1.4723926380368098,0.1226993865030675
園田,34.6958174904943,35.07604562737642,26.61596958174905,3.6121673003802277,0.0
姫路,27.906976744186046,40.0,29.767441860465116,2.3255813953488373,0.0
金沢,47.19101123595505,33.95755305867665,16.354556803995006,2.3720349563046192,0.12484394506866417
高知,46.818727490996395,31.212484993997595,19.447779111644657,1.9207683073229291,0.6002400960384154
佐賀,41.46054181389871,34.51118963486455,22.261484098939928,1.6489988221436984,0.11778563015312131
門別,31.951871657754012,39.43850267379679,26.47058823529412,1.8716577540106951,0.267379679144385
盛岡,33.25635103926097,37.87528868360277,26.096997690531175,2.5404157043879905,0.23094688221709006
水沢,32.02614379084967,32.24400871459695,32.24400871459695,3.485838779956427,0.0
