区分,年,レース数,1人気の3着内率%,A 回収率%,B 回収率%,C 回収率%,D 回収率%,D2 回収率%,D3 回収率%,E 回収率%,F 回収率%,F2 回収率%
信頼: 前の組で時計3位以内,2024,6785.0,79.24834193072955,74.34913616638009,67.28960943257185,69.91013803939902,65.07805207565708,73.61164333087693,64.19388356669124,71.54163596168017,61.31061164333088,57.98025055268976
信頼: 前の組で時計3位以内,2025,6815.0,80.2494497432135,71.03285236814217,70.02934702861336,73.44591705857204,63.93262411347518,62.62558082660797,67.9,69.39280997798973,62.22303741746148,60.93162142333088
信頼: 前の組で時計3位以内,2026,5149.0,79.70479704797047,71.53104162620573,69.95581666342979,64.91918361756044,68.25160225286463,60.80921861850197,68.30080274486954,72.48145270926393,65.11749854340648,60.150126238104484
前の組だが時計4位以下,2024,1927.0,67.56616502335237,69.07599607910973,76.34795018162947,57.284099539829334,75.30574295104653,81.6061235080436,69.27131984085798,73.65957446808511,77.01738453554748,67.37727036844836
前の組だが時計4位以下,2025,1797.0,68.72565386755703,67.4809868299017,74.86783528102393,60.47529252490088,83.83903728436283,63.50213318493786,72.31849378593952,78.11574846967167,80.59682804674458,69.35058430717864
前の組だが時計4位以下,2026,1393.0,67.69562096195261,66.27821647922151,69.28391959798995,52.210332103321036,93.44998803541516,85.43311797080642,100.96805455850682,75.20100502512564,86.35319454414932,80.0229720028715
前の組に入らない (時計3位以内),2024,2326.0,75.10748065348237,73.55450463361039,55.825093149899686,70.83223828296101,56.04954858125537,57.59458297506449,66.57788764689022,68.9505588993981,52.40971625107481,64.30352536543423
前の組に入らない (時計3位以内),2025,2311.0,75.85460839463435,67.77801817395067,72.56094042982836,57.20582322943778,59.234638684552145,63.73431414971874,58.51478436463291,67.6551276503678,59.72847252271743,57.266983989614886
前の組に入らない (時計3位以内),2026,1888.0,75.21186440677965,74.0054143126177,68.38983050847457,76.02225854152074,69.27502648305085,46.48569915254237,65.68758827683617,73.92743644067797,66.26191737288136,62.04449152542373
危険: 前の組でなく時計4位以下,2024,1043.0,66.82646212847555,65.31746031746032,63.32614253755193,68.36681181813925,53.81192074145095,51.68104825822947,55.793224672419306,64.37488015340365,54.09875359539789,57.369127516778526
危険: 前の組でなく時計4位以下,2025,969.0,68.42105263157895,67.16431601880518,52.38304093567251,63.959952181709504,48.89189886480908,54.09356725146199,55.75421396628827,60.48813209494324,47.3374613003096,55.74509803921569
危険: 前の組でなく時計4位以下,2026,767.0,66.7535853976532,78.78096479791395,84.94350282485875,63.44814745857382,76.8899391568883,104.05041286397218,61.11234245980008,78.3794002607562,79.18839634941331,63.07301173402868
