,,レース数,1人気の勝率%,1人気の3着内率%,３連単の中央値,上位5人気で決着%,前の組が2頭以上3着内%,A 的中率%,A 回収率%,B 的中率%,B 回収率%,C 的中率%,C 回収率%,D 的中率%,D 回収率%,D2 的中率%,D2 回収率%,D3 的中率%,D3 回収率%,E 的中率%,E 回収率%,F 的中率%,F 回収率%,F2 的中率%,F2 回収率%,C 平均点数
全体,全レース,33170.0,44.48296653602653,76.03858908652397,9560.0,50.551703346397346,51.697316852577636,31.78173047934881,71.28844672227247,7.723846849562858,68.7610039192041,14.784443774495026,66.9714907451783,7.123907145010552,66.78209476434529,2.848959903527284,65.86910863229825,11.691287307808262,67.14690483368506,50.551703346397346,71.17208320771782,7.1269219173952365,64.4238769972867,11.69731685257763,61.669369912571604,13.96496834488996
区分,信頼: 前の組で時計3位以内,18749.0,48.765267480932316,79.73758600458692,7640.0,53.53885540562163,59.81118993012961,35.5378953544189,72.36978564782714,7.504400234679183,69.01768094298363,16.454210891247534,69.82276408997262,6.315003466851565,65.53325066225754,2.613472718544989,66.10245879780256,10.395221078457517,66.66888011805074,53.53885540562163,71.01866766227532,6.320337084644515,62.687743346311805,10.405888314043416,59.648941276868094,11.339164755453623
区分,前の組だが時計4位以下,5117.0,36.779362907953875,68.00859878835254,13650.0,46.31620089896424,51.28004690248192,25.64002345124096,67.75421796625626,7.895251123705297,73.90512018760992,12.0187609927692,57.00598398651496,9.61500879421536,83.24188977916748,3.6544850498338874,76.29014396456257,15.126050420168067,78.97022995244609,46.31620089896424,75.64412741840923,9.61500879421536,80.81590775845223,15.126050420168067,71.51280046902482,11.593707250341998
区分,前の組に入らない (時計3位以内),6525.0,42.32950191570881,75.40229885057471,10320.0,49.25670498084291,36.27586206896552,29.716475095785437,71.63908045977011,8.122605363984674,65.38812260536399,13.011494252873563,67.51325243553222,7.157088122605364,61.004406130268194,2.5900383141762453,56.554789272030646,12.030651340996169,63.464521072796934,49.25670498084291,69.93180076628353,7.157088122605364,59.009961685823754,12.030651340996169,61.15770114942529,20.497931034482757
区分,危険: 前の組でなく時計4位以下,2779.0,34.832673623605615,67.362360561353,15620.0,41.237855343648796,33.93306944944224,22.59805685498381,69.6773419695334,7.952500899604174,65.4767902123066,12.774379273119827,65.45216001112153,7.916516732637639,58.46587501499341,3.5624325296869372,66.97613050257887,13.314141777617849,57.24769101595298,41.237855343648796,66.88485066570709,7.916516732637639,58.665887009715725,13.314141777617849,58.37711406980929,20.707448722562074
1人気タイプ,前(逃げ・先行),20093.0,46.53361867316976,77.1164086995471,8900.0,51.11232767630518,56.53710247349824,32.98163539541134,71.0376195137057,7.306026974568258,70.10169379054065,15.463096600806251,67.18445909670491,6.8780172199273375,69.61759070322998,2.782063405165978,68.99907098657907,11.247698203354402,69.901997378855,51.11232767630518,71.57751455730852,6.8780172199273375,65.88202359030508,11.252675060966506,62.7217936594834,11.8656248444732
1人気タイプ,中,9201.0,41.50635800456472,75.05705901532443,10420.0,50.711879143571345,47.26660145636344,30.594500597761115,74.05632238041758,8.683838713183349,71.04318371191538,13.933268123030103,66.20136540017846,7.531790022823606,64.9425334202804,2.9453320291272687,59.50005434191936,12.216063471361808,63.96994891859581,50.711879143571345,73.00032605151614,7.542658406694924,65.70807520921639,12.226931855233127,60.40593413759374,15.712748614281056
1人気タイプ,後(差し・追込),3876.0,40.91847265221878,72.781217750258,11005.0,47.26522187822497,37.125902992776055,28.379772961816307,66.01823185414517,7.6109391124871,56.393403852769175,13.28689370485036,67.72638322800982,7.430340557275541,56.449840901272786,2.9669762641898867,64.76264189886481,12.745098039215685,60.406217750257994,47.26522187822497,64.73039215686275,7.430340557275541,53.81643446852426,12.745098039215685,59.212848297213625,20.69891640866873
1人気が前の組,前の組(3位以内),23866.0,46.19542445319701,77.22282745328081,8710.0,51.99027905807425,57.98206653817146,33.4157378697729,71.38018287289216,7.588200787731501,70.06557445738709,15.503226347104668,67.02654795659065,7.0225425291209245,69.3300790524875,2.836671415402665,68.28675381993911,11.409536579234057,69.30635632280232,51.99027905807425,72.01039135171374,7.026732590295818,66.57452023799547,11.417916701583843,62.19261711220984,11.393740048604709
1人気が前の組,前の組に入らない,9304.0,40.090283748925195,73.00085984522786,11740.0,46.8615649183147,35.57609630266552,27.59028374892519,71.05313126970478,8.071797076526225,65.41460662080826,12.94067067927773,66.89322773726444,7.383920894239036,60.246175480080254,2.880481513327601,59.66752651189453,12.414015477214102,61.60762396102035,46.8615649183147,69.02171109200343,7.383920894239036,58.90719045571797,12.414015477214102,60.327171109200336,20.560511607910577
1人気の時計,1位,14458.0,50.8369069027528,80.90330612809518,7490.0,53.38912712685019,55.24277216765804,35.627334347765945,72.81266811146463,7.241665513902337,67.36818139899479,16.081062387605478,70.3758866339452,6.0381795545718635,61.16524300272053,2.4069719186609486,62.03647346336515,9.876884769677687,63.85558168488035,53.38912712685019,69.7463687923641,6.045096140545027,57.270369345690966,9.883801355650851,56.67249965417071,13.485890164614746
1人気の時計,2-3位,10764.0,42.0940170940171,75.55741360089186,9620.0,51.15198810850985,51.70940170940172,31.8561872909699,71.33170238242703,8.240431066518022,69.2647559767125,14.90152359717577,67.18791692387343,7.21850613154961,68.75394834633966,2.88926049795615,66.09547256286386,12.068004459308806,68.34952929518147,51.15198810850985,72.13740245261985,7.21850613154961,67.84977703455965,12.077294685990339,64.26737272389447,13.996376811594203
1人気の時計,4位以下,7896.0,36.09422492401216,67.78115501519757,14260.0,44.52887537993921,45.17477203647417,24.569402228976696,68.43106214116852,7.915400202634245,70.93876646403243,12.284701114488348,61.16478852752179,9.017223910840933,74.52196259709558,3.6220871327254307,73.01207362377575,14.488348530901723,71.32497467071936,44.52887537993921,72.5612968591692,9.017223910840933,73.02020010131713,14.488348530901723,66.88969098277609,14.80129179331307
