点数,1,27,30,32,32,32,36,72,120,243
pattern,1×1×1×1×1,1×1×3×3×3,1×1×2×3×5,1×1×2×4×4,1×2×2×2×4,2×2×2×2×2,1×2×2×3×3,2×2×2×3×3,1×2×3×4×5,3×3×3×3×3
競馬場,,,,,,,,,,
帯広ば,1.1235955056179776,5.430711610486892,5.805243445692884,5.805243445692884,7.865168539325842,7.865168539325842,7.490636704119851,9.550561797752808,11.797752808988763,16.479400749063668
大井,0.0,5.382436260623229,4.53257790368272,5.382436260623229,5.382436260623229,6.515580736543909,5.6657223796034,9.91501416430595,10.198300283286118,17.56373937677054
川崎,1.2875536480686696,9.871244635193133,10.300429184549357,10.72961373390558,9.012875536480687,6.866952789699571,10.300429184549357,11.158798283261802,15.879828326180256,20.171673819742487
浦和,0.0,5.314009661835748,4.3478260869565215,3.864734299516908,4.830917874396135,5.797101449275362,6.763285024154589,9.178743961352657,12.077294685990339,19.806763285024154
船橋,1.3100436681222707,9.170305676855897,9.170305676855897,10.480349344978166,10.480349344978166,10.91703056768559,11.353711790393014,17.46724890829694,16.157205240174672,24.017467248908297
名古屋,2.127659574468085,9.456264775413711,9.219858156028367,8.747044917257684,8.747044917257684,10.638297872340425,9.219858156028367,14.893617021276595,14.893617021276595,26.713947990543733
笠松,1.1494252873563218,9.770114942528735,10.632183908045976,10.632183908045976,9.195402298850574,10.919540229885058,10.344827586206897,15.229885057471265,17.81609195402299,25.862068965517242
園田,1.6563146997929608,9.937888198757763,10.351966873706004,10.766045548654244,11.180124223602485,11.387163561076605,11.180124223602485,16.35610766045549,19.047619047619047,28.157349896480333
姫路,2.941176470588235,6.862745098039216,5.88235294117647,7.8431372549019605,8.823529411764707,15.686274509803921,9.803921568627452,18.627450980392158,14.705882352941178,32.35294117647059
金沢,2.8301886792452833,11.320754716981133,12.578616352201259,12.89308176100629,13.836477987421384,13.836477987421384,14.779874213836477,20.754716981132077,22.32704402515723,32.70440251572327
高知,1.2594458438287155,8.564231738035264,10.327455919395465,8.312342569269521,10.831234256926953,11.335012594458437,10.579345088161208,16.120906801007557,18.639798488664987,24.181360201511335
佐賀,2.8708133971291865,11.004784688995215,11.483253588516746,11.483253588516746,12.440191387559809,15.07177033492823,12.440191387559809,19.85645933014354,21.291866028708135,30.62200956937799
門別,1.3245033112582782,8.940397350993377,8.27814569536424,9.602649006622517,8.940397350993377,9.602649006622517,10.596026490066226,15.2317880794702,19.5364238410596,29.47019867549669
盛岡,0.0,5.172413793103448,6.4655172413793105,4.741379310344827,6.4655172413793105,5.603448275862069,5.603448275862069,9.913793103448276,13.36206896551724,19.396551724137932
水沢,0.4273504273504274,7.6923076923076925,6.41025641025641,6.837606837606838,8.547008547008547,8.547008547008547,8.974358974358974,11.538461538461538,14.957264957264957,23.931623931623932
