競馬場,単勝1人気内,単勝2人気内,単勝3人気内,単勝4人気内,平均頭数,日数
佐賀,46.985645933014354,68.08612440191388,79.13875598086125,86.02870813397129,10.498086124401913,418
名古屋,41.22931442080378,62.08037825059102,74.56264775413712,81.56028368794325,11.018912529550827,423
園田,44.80331262939959,64.51345755693582,77.47412008281573,86.50103519668737,10.173498964803313,483
大井,39.88668555240793,59.830028328611895,72.23796033994334,81.35977337110482,12.527478753541077,353
姫路,44.11764705882353,66.47058823529412,79.2156862745098,90.3921568627451,10.115686274509804,102
川崎,41.63090128755365,60.25751072961374,72.27467811158799,80.77253218884121,11.616309012875536,233
帯広ば,36.36704119850187,55.99250936329588,69.66292134831461,79.62546816479401,9.450561797752808,534
水沢,39.65811965811966,60.51282051282051,73.67521367521368,82.991452991453,10.311111111111112,234
浦和,36.135265700483096,57.971014492753625,71.59420289855073,81.06280193236715,11.057971014492754,207
盛岡,37.67241379310345,58.70689655172414,72.67241379310346,82.5,10.375,232
笠松,44.59770114942529,65.22988505747126,78.2183908045977,86.55172413793103,8.739655172413793,348
船橋,41.39737991266376,61.22270742358079,74.41048034934498,82.2707423580786,10.999126637554586,229
金沢,47.42138364779874,67.16981132075472,79.24528301886792,86.54088050314466,9.105660377358491,318
門別,43.841059602649004,65.7615894039735,79.27152317880794,86.75496688741721,10.1158940397351,302
高知,43.17380352644836,64.43324937027708,76.82619647355163,83.87909319899244,10.255919395465995,397
