競馬場,1人気,2-3人気,4-6人気,7人気~
佐賀,0.2301341589267286,0.36119711042311664,0.2868937048503612,0.1217750257997936
名古屋,0.24319868095630667,0.3660346248969497,0.2827699917559769,0.1079967023907667
園田,0.23215984776403426,0.34443387250237867,0.3339676498572788,0.08943862987630828
大井,0.26169064748201437,0.3237410071942446,0.27967625899280574,0.13489208633093525
姫路,0.23469387755102042,0.36054421768707484,0.282312925170068,0.12244897959183673
川崎,0.2817089452603471,0.315086782376502,0.27369826435246997,0.1295060080106809
帯広ば,0.22099447513812154,0.32099447513812157,0.3397790055248619,0.11823204419889503
水沢,0.21908127208480566,0.35159010600706714,0.2950530035335689,0.13427561837455831
浦和,0.21450617283950618,0.3194444444444444,0.32407407407407407,0.1419753086419753
盛岡,0.21855345911949686,0.33176100628930816,0.3160377358490566,0.13364779874213836
笠松,0.20408163265306123,0.35422740524781343,0.36005830903790087,0.08163265306122448
船橋,0.22720478325859492,0.3303437967115097,0.3109118086696562,0.13153961136023917
金沢,0.23392857142857143,0.325,0.35,0.09107142857142857
門別,0.21855345911949686,0.37264150943396224,0.31761006289308175,0.09119496855345911
高知,0.23502824858757063,0.3502824858757062,0.2903954802259887,0.12429378531073447
